RALT;ROLL;GS;MH;TH;PTCH
-3,625;0,845921993;0;-50,94757492;-49,39855225;-0,296621936
-3,625;0,856908023;0;-50,14010651;-48,59108002;-0,296621936
-3,625;0,856908023;0;-49,27770645;-47,72867996;-0,296621936
-3,625;0,845921993;0;-48,19558365;-46,64655716;-0,296621936
-3,625;0,845921993;0;-47,19585831;-45,64683182;-0,296621936
-3,75;0,834936023;0;-46,14120133;-44,59217484;-0,296621936
-3,625;0,845921993;0;-45,02063019;-43,27934677;-0,296621936
-3,625;0,845921993;0;-43,63090164;-42,08187515;-0,307608264
-3,625;0,856908023;0;-42,36751206;-40,81848557;-0,307608264
-3,625;0,856908023;0;-41,05468399;-39,5056575;-0,318594592
-3,75;0,856908023;0;-39,45621903;-37,90719254;-0,318594592
-3,625;0,856908023;0;-38,0335315;-36,47901566;-0,318594592
-3,625;0,845921993;0;-36,55591614;-35,00139649;-0,32958092
-3,625;0,856908023;0;-35,0453418;-33,49631531;-0,340567248
-3,625;0,867894053;0;-33,24913056;-31,6946109;-0,340567248
-3,625;0,878880024;0;-31,65615875;-30,10713226;-0,351551669
-3,5;0,889865994;0;-30,03023178;-28,48120529;-0,351551669
-3,625;0,900852025;0;-28,39331848;-26,83879883;-0,351551669
-3,625;0,900852025;0;-26,45978195;-24,91075546;-0,362537997
-3,625;0,889865994;0;-24,800896;-23,25186951;-0,373524325
-3,5;0,878880024;0;-23,14201004;-21,58749039;-0,384510654
-3,5;0,878880024;0;-21,48861725;-19,93959076;-0,395496982
-3,5;0,878880024;0;-19,56057388;-18,0115474;-0,395496982
-3,5;0,889865994;0;-17,89619476;-16,34716828;-0,40648331
-3,625;0,900852025;0;-16,20434982;-14,65532524;-0,417467731
-3,5;0,911838055;0;-14,50152046;-12,95249397;-0,417467731
-3,5;0,922824025;0;-12,48559029;-10,93107063;-0,428454059
-3,5;0,911838055;0;-10,72233612;-9,173309633;-0,439440387
-3,5;0,911838055;0;-8,942604372;-7,393577882;-0,450426715
-3,5;0,900852025;0;-7,151886293;-5,59736664;-0,461413043
-3,5;0,889865994;0;-5,0480674;-3,4935487;-0,472399371
-3,5;0,878880024;0;-3,235377618;-1,680857965;-0,472399371
-3,5;0,856908023;0;-1,428180048;0,126339003;-0,483383792
-3,5;0,845921993;0;0,379016995;1,933536053;-0,49437012
-3,5;0,823950052;0;2,499315023;4,048341274;-0,505356448
-3,5;0,812964022;0;4,322990894;5,872017384;-0,516342776
-3,5;0,801977992;0;6,141174316;7,695693016;-0,527329104
-3,5;0,790992022;0;7,953864098;9,502890587;-0,527329104
-3,5;0,790992022;0;10,04669762;11,60121632;-0,538315433
-3,5;0,801977992;0;11,8209362;13,36996269;-0,538315433
-3,5;0,801977992;0;13,56221771;15,11673641;-0,549299853
-3,5;0,801977992;0;15,25955486;16,8085804;-0,549299853
-3,5;0,801977992;0;17,16562462;18,71465111;-0,560286182
-3,5;0,780006051;0;18,73662376;20,29114342;-0,582258838
-3,5;0,769020021;0;20,28015709;21,83467484;-0,582258838
-3,5;0,758033991;0;21,81270409;23,36173058;-0,582258838
-3,5;0,74704802;0;23,59243584;25,14146233;-0,593245166
-3,5;0,73606205;0;25,130476;26,67950249;-0,593245166
-3,5;0,74704802;0;26,66302299;28,21754265;-0,604231494
-3,5;0,74704802;0;28,19007683;29,73910332;-0,615215915
-3,5;0,74704802;0;29,96431541;31,5133419;-0,615215915
-3,5;0,73606205;0;31,49136925;33,04039764;-0,626202243
-3,5;0,73606205;0;33,01293182;34,56195831;-0,637188571
-3,5;0,73606205;0;34,77618408;36,32521057;-0,637188571
-3,5;0,72507602;0;36,27027893;37,82479858;-0,648174899
-3,5;0,71408999;0;37,76437759;39,31340027;-0,648174899
-3,5;0,71408999;0;39,23649979;40,78552628;-0,659161227
-3,5;0,703104019;0;40,93383789;42,48286438;-0,670147555
-3,5;0,692118049;0;42,36201859;43,91104507;-0,681131976
-3,5;0,692118049;0;43,77371979;45,32274246;-0,681131976
-3,5;0,692118049;0;45,16344833;46,71247482;-0,692118304
-3,5;0,703104019;0;46,76740265;48,31642914;-0,692118304
-3,5;0,71408999;0;48,12966919;49,68418503;-0,703104632
-3,5;0,71408999;0;49,50291824;51,05194473;-0,714090961
-3,5;0,703104019;0;50,88715363;52,43618011;-0,714090961
-3,5;0,692118049;0;52,50209427;54,05112076;-0,714090961
-3,5;0,681132019;0;53,8808403;55,42986298;-0,725077289
-3,5;0,681132019;0;55,26507568;56,81410217;-0,736061709
-3,5;0,670145988;0;56,64931107;58,19833755;-0,747048038
-3,5;0,670145988;0;58,25875854;59,80778503;-0,747048038
-3,5;0,659160018;0;59,63750076;61,18652725;-0,747048038
-3,5;0,659160018;0;61,01075363;62,55978012;-0,758034366
-3,5;0,648174047;0;62,38400269;63,93302917;-0,780007022
-3,5;0,626201987;0;64,00993347;65,55895996;-0,780007022
-3,5;0,615216017;0;65,4161377;66,96516418;-0,780007022
-3,5;0,604230046;0;66,82234955;68,37137604;-0,780007022
-3,5;0,593244016;0;68,21756744;69,7720871;-0,79099335
-3,5;0,593244016;0;69,81603241;71,3650589;-0,79099335
-3,5;0,582257986;0;71,12336731;72,6723938;-0,801977771
-3,5;0,582257986;0;72,38126373;73,93578339;-0,801977771
-3,5;0,582257986;0;73,59521484;75,14424133;-0,801977771
-3,5;0,571272016;0;74,95748138;76,50650787;-0,812964099
-3,5;0,560286045;0;76,08354187;77,63806152;-0,823950427
-3,5;0,549300015;0;77,176651;78,72567749;-0,834936755
-3,5;0,538313985;0;78,22032166;79,76934814;-0,834936755
-3,375;0,516342044;0;79,40680695;80,9613266;-0,845923083
-3,375;0,494370013;0;80,42850494;81,97753143;-0,845923083
-3,5;0,494370013;0;81,45020294;82,99922943;-0,856909411
-3,375;0,483384013;0;82,44993591;84,00444794;-0,867893832
-3,375;0,472398013;0;83,58698273;85,13600922;-0,87888016
-3,375;0,461412013;0;84,54276276;86,09178925;-0,889866489
-3,375;0,461412013;0;85,48207092;87,03109741;-0,900852817
-3,5;0,450426012;0;86,40489197;88,11321259;-0,900852817
-3,375;0,450426012;0;87,47053528;89,01956177;-0,911839145
-3,375;0,450426012;0;88,34941101;89,90393066;-0,911839145
-3,375;0,461412013;0;89,20082855;90,75534821;-0,911839145
-3,375;0,461412013;0;90,17308807;91,72211456;-0,900852817
-3,375;0,461412013;0;90,99154663;92,54057312;-0,900852817
-3,375;0,450426012;0;91,7770462;93,32607269;-0,900852817
-3,375;0,439440012;0;92,53507996;94,08410645;-0,911839145
-3,375;0,428454012;0;93,39199066;94,94101715;-0,911839145
-3,375;0,428454012;0;94,11157227;95,66609192;-0,911839145
-3,375;0,417468011;0;94,81467438;96,36370087;-0,922825473
-3,375;0,406482011;0;95,4903183;97,03933716;-0,922825473
-3,375;0,395496011;0;96,25933838;97,80835724;-0,911839145
-3,25;0,38451001;0;96,90201569;98,45104218;-0,911839145
-3,25;0,38451001;0;97,5172348;99,06626129;-0,911839145
-3,25;0,38451001;0;98,10498047;99,65400696;-0,900852817
-3,375;0,38451001;0;98,76963806;100,3186646;-0,900852817
-3,375;0,38451001;0;99,32991791;100,8844376;-0,900852817
-3,25;0,38451001;0;99,88471222;101,4337387;-0,900852817
-3,25;0,37352401;0;100,4010544;101,9500809;-0,900852817
-3,375;0,36253801;0;100,9558487;102,5048752;-0,900852817
-3,375;0,35155201;0;101,4117661;102,9607925;-0,889866489
-3,25;0,340566009;0;101,867691;103,4222031;-0,889866489
-3,25;0,329580009;0;102,3126221;103,8616486;-0,889866489
-3,25;0,329580009;0;102,7795258;104,3285522;-0,889866489
-3,375;0,329580009;0;103,1640396;104,7130585;-0,889866489
-3,375;0,340566009;0;103,5485458;105,1030655;-0,87888016
-3,375;0,340566009;0;103,9440384;105,498558;-0,87888016
-3,375;0,340566009;0;104,3999634;105,9489899;-0,87888016
-3,375;0,329580009;0;104,7624969;106,3115234;-0,87888016
-3,375;0,318594009;0;105,1250381;106,6740646;-0,87888016
-3,375;0,307608008;0;105,4875717;107,0365982;-0,87888016
-3,375;0,285636008;0;105,8995514;107,4485779;-0,87888016
-3,375;0,274650007;0;106,2346191;107,7891388;-0,87888016
-3,375;0,274650007;0;106,5587082;108,1132278;-0,87888016
-3,375;0,285636008;0;106,8827972;108,4318237;-0,889866489
-3,375;0,296622008;0;107,2508316;108,8053436;-0,889866489
-3,375;0,296622008;0;107,5639267;109,1129532;-0,87888016
-3,375;0,296622008;0;107,8605499;109,4095764;-0,867893832
-3,375;0,296622008;0;108,1406937;109,6897202;-0,867893832
-3,375;0,274650007;0;108,4592896;110,008316;-0,87888016
-3,25;0,263664007;0;108,7174606;110,2664871;-0,87888016
-3,375;0,241692007;0;108,9701385;110,519165;-0,867893832
-3,375;0,241692007;0;109,2173233;110,8102951;-0,856909411
-3,375;0,230706006;0;109,497467;111,0464935;-0,856909411
-3,25;0,219720006;0;109,7116928;111,2607193;-0,856909411
-3,25;0,208734006;0;109,9149323;111,4639587;-0,867893832
-3,25;0,186762005;0;110,1346512;111,6891708;-0,856909411
-3,375;0,175776005;0;110,3214188;111,8704376;-0,856909411
-3,375;0,164790004;0;110,4971924;112,0462189;-0,845923083
-3,375;0,153804004;0;110,6509933;112,205513;-0,856909411
-3,375;0,153804004;0;110,8157883;112,3648148;-0,856909411
-3,375;0,153804004;0;110,9421234;112,4966431;-0,845923083
-3,375;0,164790004;0;111,0574799;112,6065063;-0,834936755
-3,375;0,164790004;0;111,1618423;112,7108688;-0,834936755
-3,375;0,142818004;0;111,249733;112,7987595;-0,834936755
-3,375;0,109860003;0;111,2936783;112,8427048;-0,834936755
-3,375;0,065916002;0;111,3211441;112,8701706;-0,834936755
-3,25;0,021972001;0;111,3321304;112,8866425;-0,823950427
-3,25;0;0;111,3321304;112,8866425;-0,823950427
-3,375;-0,010986941;0;111,3211441;112,8701706;-0,823950427
-3,375;-0,010986941;0;111,2991714;112,8481979;-0,812964099
-3,375;0;0;111,2881851;112,8372116;-0,801977771
-3,25;0,010986;0;111,3046646;112,8536911;-0,780007022
-3,25;0,021972001;0;111,3101578;112,8591843;-0,780007022
-3,25;0,021972001;0;111,2936783;112,8427048;-0,780007022
-3,375;0,010986;0;111,2771988;112,8317184;-0,79099335
-3,25;-0,010986941;0;111,282692;112,8317184;-0,79099335
-3,375;-0,03295769;0;111,2881851;112,8427048;-0,79099335
-3,25;-0,054930347;0;111,2662125;112,815239;-0,79099335
-3,25;-0,054930347;0;111,2057877;112,7603073;-0,801977771
-3,25;-0,043944018;0;111,1563492;112,7053757;-0,812964099
-3,25;-0,02197327;0;111,1124039;112,6614304;-0,823950427
-3,25;-0,010986941;0;111,0464935;112,59552;-0,823950427
-3,25;0;0;110,9586029;112,5076294;-0,834936755
-3,25;0;0;110,8322678;112,3812866;-0,834936755
-3,25;-0,02197327;0;110,705925;112,2549515;-0,834936755
-3,25;-0,043944018;0;110,552124;112,1011505;-0,823950427
-3,25;-0,076903003;0;110,3653564;111,9143829;-0,823950427
-3,25;-0,087889331;0;110,096199;111,6452255;-0,812964099
-3,25;-0,087889331;0;109,8270416;111,3760681;-0,823950427
-3,25;-0,076903003;0;109,5194397;111,0684662;-0,812964099
-3,375;-0,065916675;0;109,1459122;110,6949387;-0,801977771
-3,25;-0,043944018;0;108,62957;110,1785965;-0,801977771
-3,25;-0,043944018;0;108,1461868;109,6952133;-0,801977771
-3,375;-0,03295769;0;107,640831;109,1898575;-0,79099335
-3,25;-0,043944018;0;107,129982;108,6790085;-0,79099335
-3,375;-0,054930347;0;106,5422287;108,0912552;-0,780007022
-3,25;-0,087889331;0;106,0533524;107,6023788;-0,769020694
-3,375;-0,10986008;0;105,6084213;107,1574478;-0,769020694
-3,375;-0,120846408;0;105,1470108;106,6960373;-0,769020694
-3,375;-0,131832736;0;104,8009491;106,3499756;-0,769020694
-3,375;-0,131832736;0;104,4933395;106,042366;-0,758034366
-3,375;-0,131832736;0;104,2241821;105,7732086;-0,747048038
-3,375;-0,120846408;0;103,9550247;105,5040512;-0,736061709
-3,375;-0,120846408;0;103,7462921;105,2953186;-0,736061709
-3,25;-0,120846408;0;103,5430527;105,0920792;-0,725077289
-3,25;-0,142819064;0;103,3398132;104,8888397;-0,736061709
-3,375;-0,153805392;0;103,0981216;104,6471481;-0,725077289
-3,375;-0,164789813;0;102,9003754;104,4493942;-0,714090961
-3,25;-0,153805392;0;102,7081146;104,2626343;-0,703104632
-3,375;-0,142819064;0;102,5268478;104,0813675;-0,692118304
-3,25;-0,131832736;0;102,3181152;103,8671417;-0,692118304
-3,25;-0,120846408;0;102,1258621;103,6803741;-0,692118304
-3,25;-0,131832736;0;101,9390945;103,488121;-0,681131976
-3,25;-0,142819064;0;101,7413483;103,2958679;-0,670147555
-3,25;-0,153805392;0;101,5051498;103,0541763;-0,670147555
-3,375;-0,164789813;0;101,3019104;102,8509369;-0,670147555
-3,375;-0,164789813;0;101,0931778;102,6476974;-0,670147555
-3,25;-0,164789813;0;100,8899307;102,4389572;-0,659161227
-3,25;-0,153805392;0;100,6317596;102,1807861;-0,659161227
-3,25;-0,153805392;0;100,3900681;101,9445877;-0,659161227
-3,25;-0,164789813;0;100,1483765;101,697403;-0,659161227
-3,25;-0,186762469;0;99,90119171;101,4502182;-0,659161227
-3,25;-0,219721454;0;99,59358215;101,1426086;-0,648174899
-3,25;-0,241692203;0;99,32991791;100,8789444;-0,648174899
-3,375;-0,252678531;0;99,07175446;100,6207733;-0,637188571
-3,25;-0,252678531;0;98,80809021;100,3571091;-0,626202243
-3,375;-0,241692203;0;98,49498749;100,0495071;-0,615215915
-3,375;-0,230705875;0;98,23132324;99,78034973;-0,604231494
-3,25;-0,230705875;0;97,967659;99,51668549;-0,593245166
-3,375;-0,230705875;0;97,70399475;99,2585144;-0,593245166
-3,25;-0,241692203;0;97,39638519;98,94541168;-0,604231494
-3,25;-0,263664859;0;97,12722778;98,68174744;-0,604231494
-3,25;-0,285637515;0;96,8690567;98,41808319;-0,593245166
-3,375;-0,296621936;0;96,60539246;98,15991211;-0,582258838
-3,375;-0,296621936;0;96,2977829;97,84680939;-0,582258838
-3,25;-0,274651187;0;96,03961182;97,59413147;-0,582258838
-3,25;-0,252678531;0;95,79242706;97,34694672;-0,582258838
-3,25;-0,241692203;0;95,55622864;97,06680298;-0,582258838
-3,25;-0,230705875;0;95,28157806;96,83060455;-0,582258838
-3,25;-0,230705875;0;95,05636597;96,60539246;-0,560286182
-3,375;-0,241692203;0;94,84763336;96,39665985;-0,560286182
-3,25;-0,241692203;0;94,62791443;96,17694092;-0,560286182
-3,25;-0,252678531;0;94,45214081;96,0011673;-0,57127251
-3,25;-0,241692203;0;94,29833221;95,8473587;-0,582258838
-3,25;-0,241692203;0;94,17199707;95,72102356;-0,57127251
-3,25;-0,230705875;0;94,05114746;95,60566711;-0,560286182
-3,25;-0,241692203;0;93,96325684;95,51228333;-0,57127251
-3,25;-0,252678531;0;93,88636017;95,43538666;-0,57127251
-3,25;-0,263664859;0;93,83142853;95,38594818;-0,57127251
-3,25;-0,285637515;0;93,78199005;95,33101654;-0,560286182
-3,25;-0,307608264;0;93,73804474;95,28707123;-0,560286182
-3,25;-0,318594592;0;93,69960022;95,24861908;-0,560286182
-3,375;-0,32958092;0;93,66114807;95,21017456;-0,549299853
-3,25;-0,340567248;0;93,61720276;95,16622925;-0,549299853
-3,25;-0,351551669;0;93,56227112;95,11679077;-0,549299853
-3,25;-0,362537997;0;93,49635315;95,04537964;-0,538315433
-3,375;-0,373524325;0;93,41945648;94,96848297;-0,538315433
-3,25;-0,384510654;0;93,31508636;94,86411285;-0,527329104
-3,25;-0,417467731;0;93,21071625;94,75974274;-0,527329104
-3,375;-0,428454059;0;93,08987427;94,64439392;-0,527329104
-3,25;-0,450426715;0;92,95803833;94,51255798;-0,527329104
-3,375;-0,461413043;0;92,80423737;94,35326385;-0,527329104
-3,25;-0,472399371;0;92,66142273;94,21594238;-0,527329104
-3,25;-0,483383792;0;92,5131073;94,06213379;-0,527329104
-3,25;-0,483383792;0;92,34832001;93,90283966;-0,527329104
-3,375;-0,483383792;0;92,16156006;93,71607208;-0,527329104
-3,25;-0,49437012;0;92,00775146;93,56227112;-0,527329104
-3,25;-0,505356448;0;91,8539505;93,40297699;-0,527329104
-3,25;-0,505356448;0;91,68915558;93,23818207;-0,527329104
-3,25;-0,505356448;0;91,49690247;93,04592896;-0,527329104
-3,25;-0,505356448;0;91,33211517;92,88114166;-0,527329104
-3,25;-0,49437012;0;91,17281342;92,7218399;-0,527329104
-3,25;-0,483383792;0;91,02450562;92,5735321;-0,538315433
-3,25;-0,483383792;0;90,86521149;92,41423798;-0,538315433
-3,25;-0,461413043;0;90,72788239;92,28240204;-0,527329104
-3,25;-0,439440387;0;90,59056091;92,1395874;-0,527329104
-3,25;-0,428454059;0;90,45872498;92,01324463;-0,527329104
-3,25;-0,40648331;0;90,33238983;91,88141632;-0,527329104
-3,25;-0,384510654;0;90,23900604;91,78803253;-0,527329104
-3,25;-0,384510654;0;90,15111542;91,70014191;-0,516342776
-3,25;-0,384510654;0;90,04125977;91,59577942;-0,516342776
-3,25;-0,40648331;0;89,9588623;91,50788879;-0,505356448
-3,25;-0,417467731;0;89,88195801;91,4309845;-0,505356448
-3,25;-0,428454059;0;89,80506134;91,35958099;-0,505356448
-3,25;-0,439440387;0;89,73914337;91,28816986;-0,505356448
-3,25;-0,439440387;0;89,68421173;91,23873138;-0,505356448
-3,25;-0,439440387;0;89,64026642;91,18929291;-0,505356448
-3,25;-0,428454059;0;89,58534241;91,1343689;-0,505356448
-3,25;-0,428454059;0;89,53041077;91,07943726;-0,505356448
-3,25;-0,428454059;0;89,50843811;91,0574646;-0,516342776
-3,25;-0,428454059;0;89,49195862;91,04647827;-0,516342776
-3,25;-0,428454059;0;89,48097229;91,02999878;-0,516342776
-3,25;-0,439440387;0;89,45350647;91,00802612;-0,516342776
-3,25;-0,450426715;0;89,45350647;91,00253296;-0,516342776
-3,25;-0,461413043;0;89,4644928;91,01351929;-0,516342776
-3,25;-0,461413043;0;89,46998596;91,01901245;-0,516342776
-3,25;-0,461413043;0;89,45350647;91,00253296;-0,516342776
-3,25;-0,461413043;0;89,44801331;90,99703979;-0,516342776
-3,25;-0,450426715;0;89,45350647;91,00253296;-0,505356448
-3,25;-0,439440387;0;89,45350647;91,00802612;-0,505356448
-3,25;-0,439440387;0;89,45350647;91,00253296;-0,505356448
-3,25;-0,439440387;0;89,45350647;91,00253296;-0,505356448
-3,25;-0,439440387;0;89,45350647;91,00253296;-0,505356448
-3,25;-0,461413043;0;89,45350647;91,00253296;-0,505356448
-3,25;-0,461413043;0;89,45350647;91,00253296;-0,49437012
-3,25;-0,472399371;0;89,45350647;91,00253296;-0,49437012
-3,25;-0,472399371;0;89,45350647;91,00253296;-0,49437012
-3,25;-0,472399371;0;89,45350647;91,00253296;-0,49437012
-3,25;-0,461413043;0;89,45350647;91,00253296;-0,49437012
-3,25;-0,450426715;0;89,45350647;91,00253296;-0,483383792
-3,25;-0,439440387;0;89,45350647;91,00253296;-0,483383792
-3,25;-0,439440387;0;89,45350647;91,00253296;-0,483383792
-3,125;-0,439440387;0;89,45350647;91,00253296;-0,472399371
-3,25;-0,439440387;0;89,45350647;91,00253296;-0,472399371
-3,25;-0,450426715;0;89,45350647;91,00253296;-0,472399371
-3,25;-0,450426715;0;89,45350647;91,00253296;-0,472399371
-3,125;-0,461413043;0;89,45350647;91,00253296;-0,472399371
-3,25;-0,461413043;0;89,45350647;91,00253296;-0,483383792
-3,25;-0,461413043;0;89,45350647;91,00253296;-0,49437012
-3,25;-0,450426715;0;89,45350647;91,00253296;-0,505356448
-3,25;-0,450426715;0;89,45350647;91,00253296;-0,516342776
-3,25;-0,450426715;0;89,45350647;91,00253296;-0,516342776
-3,125;-0,450426715;0;89,45350647;91,00253296;-0,527329104
-3,125;-0,450426715;0;89,45350647;91,00253296;-0,538315433
-3,25;-0,461413043;0;89,45350647;91,00253296;-0,549299853
-3,25;-0,461413043;0;89,45350647;91,00253296;-0,560286182
-3,25;-0,450426715;0;89,45350647;91,00253296;-0,560286182
-3,25;-0,450426715;0;89,45350647;91,00253296;-0,538315433
-3,125;-0,461413043;0;89,45350647;91,00253296;-0,516342776
-3,125;-0,461413043;0;89,45350647;91,00253296;-0,49437012
-3,125;-0,461413043;0;89,45350647;91,00253296;-0,483383792
-3,25;-0,461413043;0;89,45350647;91,00253296;-0,483383792
-3,25;-0,461413043;0;89,45350647;91,00253296;-0,49437012
-3,25;-0,450426715;0;89,45350647;91,00253296;-0,505356448
-3,25;-0,439440387;0;89,45350647;91,00253296;-0,516342776
-3,125;-0,439440387;0;89,45350647;91,00253296;-0,516342776
-3,25;-0,450426715;0;89,45350647;91,00253296;-0,505356448
-3,25;-0,461413043;0;89,45350647;91,00253296;-0,483383792
-3,25;-0,472399371;0;89,45350647;91,00253296;-0,472399371
-3,25;-0,472399371;0;89,45350647;91,00253296;-0,472399371
-3,25;-0,472399371;0;89,45350647;91,00253296;-0,483383792
-3,125;-0,461413043;0;89,45899963;91,00802612;-0,49437012
-3,25;-0,450426715;0;89,45899963;91,00802612;-0,505356448
-3,25;-0,450426715;0;89,45899963;91,00802612;-0,49437012
-3,25;-0,461413043;0;89,45899963;91,00802612;-0,49437012
-3,25;-0,461413043;0;89,45899963;91,00802612;-0,49437012
-3,125;-0,483383792;0;89,45899963;91,00802612;-0,49437012
-3,125;-0,483383792;0;89,45350647;91,00802612;-0,49437012
-3,125;-0,483383792;0;89,45350647;91,00253296;-0,49437012
-3,25;-0,472399371;0;89,45350647;91,00253296;-0,49437012
-3,125;-0,461413043;0;89,45350647;91,00253296;-0,483383792
-3,25;-0,450426715;0;89,45350647;91,00253296;-0,472399371
-3,125;-0,439440387;0;89,45350647;91,00253296;-0,472399371
-3,125;-0,439440387;0;89,45350647;91,00253296;-0,472399371
-3,25;-0,439440387;0;89,45350647;91,00253296;-0,472399371
-3,125;-0,450426715;0;89,45350647;91,00253296;-0,472399371
-3,25;-0,461413043;0;89,45350647;91,00253296;-0,461413043
-3,25;-0,472399371;0;89,45350647;91,00253296;-0,461413043
-3,125;-0,472399371;0;89,45350647;91,00253296;-0,461413043
-3,125;-0,472399371;0;89,45350647;91,00253296;-0,461413043
-3,125;-0,461413043;0;89,45350647;91,00253296;-0,472399371
-3,125;-0,439440387;0;89,45350647;91,00253296;-0,461413043
-3,125;-0,428454059;0;89,45350647;91,00253296;-0,461413043
-3,125;-0,417467731;0;89,45350647;91,00253296;-0,450426715
-3,125;-0,417467731;0;89,45350647;91,00253296;-0,439440387
-3,125;-0,428454059;0;89,45350647;91,00253296;-0,439440387
-3,125;-0,439440387;0;89,45350647;91,00253296;-0,450426715
-3,125;-0,439440387;0;89,45350647;91,00253296;-0,461413043
-3,125;-0,428454059;0;89,45350647;91,00253296;-0,461413043
-3,125;-0,428454059;0;89,45350647;91,00253296;-0,472399371
-3,125;-0,417467731;0;89,45350647;91,00253296;-0,483383792
-3,125;-0,417467731;0;89,45350647;91,00253296;-0,505356448
-3,125;-0,417467731;0;89,45350647;91,00253296;-0,516342776
-3,125;-0,439440387;0;89,45350647;91,00253296;-0,527329104
-3,125;-0,461413043;0;89,45350647;91,00253296;-0,538315433
-3,125;-0,505356448;0;89,45350647;91,00253296;-0,538315433
-3,125;-0,538315433;0;89,45350647;91,00253296;-0,538315433
-3,125;-0,560286182;0;89,45350647;91,00253296;-0,538315433
-3,125;-0,560286182;0;89,45350647;91,00253296;-0,538315433
-3,125;-0,549299853;0;89,45350647;91,00253296;-0,538315433
-3,125;-0,527329104;0;89,45350647;91,00253296;-0,538315433
-3,125;-0,49437012;0;89,45350647;91,00253296;-0,527329104
-3,125;-0,461413043;0;89,45350647;91,00253296;-0,527329104
-3,125;-0,439440387;0;89,45350647;91,00802612;-0,516342776
-3,125;-0,439440387;0;89,45350647;91,00802612;-0,516342776
-3,125;-0,428454059;0;89,45350647;91,00802612;-0,516342776
-3,125;-0,428454059;0;89,45350647;91,00802612;-0,516342776
-3,125;-0,417467731;0;89,45350647;91,00802612;-0,516342776
-3,125;-0,40648331;0;89,45350647;91,00802612;-0,527329104
-3,125;-0,384510654;0;89,45350647;91,00802612;-0,527329104
-3,125;-0,351551669;0;89,45350647;91,00802612;-0,527329104
-3,125;-0,318594592;0;89,45350647;91,00802612;-0,527329104
-3,125;-0,307608264;0;89,45350647;91,00802612;-0,527329104
-3,125;-0,296621936;0;89,45350647;91,00802612;-0,538315433
-3;-0,285637515;0;89,45350647;91,00802612;-0,538315433
-3,125;-0,285637515;0;89,45350647;91,00802612;-0,549299853
-3;-0,285637515;0;89,45350647;91,00802612;-0,549299853
-3;-0,274651187;0;89,45350647;91,00802612;-0,549299853
-3,125;-0,274651187;0;89,45350647;91,00802612;-0,549299853
-3;-0,263664859;0;89,45350647;91,00802612;-0,549299853
-3;-0,263664859;0;89,45350647;91,00802612;-0,560286182
-3,125;-0,263664859;0;89,45350647;91,00802612;-0,549299853
-3,125;-0,274651187;0;89,45350647;91,00802612;-0,549299853
-3;-0,285637515;0;89,45350647;91,00802612;-0,549299853
-3,125;-0,296621936;0;89,45350647;91,00802612;-0,549299853
-3;-0,307608264;0;89,45350647;91,00802612;-0,560286182
-3,125;-0,318594592;0;89,45350647;91,00802612;-0,560286182
-3,125;-0,318594592;0;89,45350647;91,00802612;-0,560286182
-3,125;-0,318594592;0;89,45350647;91,00802612;-0,549299853
-3;-0,318594592;0;89,45350647;91,00802612;-0,549299853
-3;-0,318594592;0;89,45350647;91,00802612;-0,549299853
-3;-0,307608264;0;89,45350647;91,00802612;-0,549299853
-3,125;-0,307608264;0;89,45350647;91,00802612;-0,549299853
-3,125;-0,296621936;0;89,45899963;91,00802612;-0,549299853
-3,125;-0,285637515;0;89,45899963;91,00802612;-0,549299853
-3;-0,263664859;0;89,45899963;91,00802612;-0,549299853
-3;-0,263664859;0;89,45899963;91,00802612;-0,549299853
-3;-0,252678531;0;89,45899963;91,00802612;-0,560286182
-3,125;-0,252678531;0;89,45899963;91,00802612;-0,57127251
-3,125;-0,252678531;0;89,45899963;91,00802612;-0,582258838
-3,125;-0,252678531;0;89,45899963;91,00802612;-0,593245166
-3,125;-0,252678531;0;89,45899963;91,00802612;-0,593245166
-3;-0,241692203;0;89,45899963;91,00802612;-0,593245166
-3;-0,230705875;0;89,45899963;91,00802612;-0,593245166
-3,125;-0,219721454;0;89,45899963;91,00802612;-0,604231494
-3,125;-0,219721454;0;89,45899963;91,00802612;-0,604231494
-3,125;-0,219721454;0;89,45899963;91,00802612;-0,604231494
-3,125;-0,219721454;0;89,45899963;91,00802612;-0,604231494
-3,125;-0,219721454;0;89,45899963;91,00802612;-0,604231494
-3,125;-0,219721454;0;89,45899963;91,00802612;-0,604231494
-3,125;-0,208735126;0;89,45899963;91,00802612;-0,604231494
-3,125;-0,197748797;0;89,45899963;91,00802612;-0,604231494
-3,125;-0,197748797;0;89,45899963;91,00802612;-0,593245166
-3,125;-0,197748797;0;89,45899963;91,00802612;-0,604231494
-3,125;-0,208735126;0;89,45899963;91,00802612;-0,604231494
-3,125;-0,219721454;0;89,45899963;91,00802612;-0,604231494
-3,125;-0,230705875;0;89,45899963;91,00802612;-0,604231494
-3,125;-0,219721454;0;89,45899963;91,00802612;-0,604231494
-3,125;-0,208735126;0;89,45899963;91,00802612;-0,604231494
-3,125;-0,186762469;0;89,45899963;91,00802612;-0,604231494
-3,125;-0,175776141;0;89,45899963;91,00802612;-0,604231494
-3,125;-0,175776141;0;89,45899963;91,00802612;-0,604231494
-3,125;-0,186762469;0;89,45899963;91,00802612;-0,604231494
-3,125;-0,186762469;0;89,45899963;91,00802612;-0,615215915
-3,125;-0,197748797;0;89,45899963;91,00802612;-0,637188571
-3;-0,197748797;0;89,45899963;91,00802612;-0,637188571
-3;-0,186762469;0;89,45899963;91,00802612;-0,637188571
-3;-0,175776141;0;89,45899963;91,00802612;-0,637188571
-3;-0,164789813;0;89,45899963;91,00802612;-0,637188571
-3,125;-0,164789813;0;89,45899963;91,00802612;-0,648174899
-3,125;-0,175776141;0;89,45899963;91,00802612;-0,659161227
-3,125;-0,197748797;0;89,45899963;91,00802612;-0,670147555
-3;-0,219721454;0;89,45899963;91,00802612;-0,670147555
-3;-0,241692203;0;89,45899963;91,00802612;-0,681131976
-3;-0,252678531;0;89,45899963;91,00802612;-0,681131976
-3;-0,241692203;0;89,45899963;91,00802612;-0,692118304
-3,125;-0,230705875;0;89,45899963;91,00802612;-0,692118304
-3;-0,230705875;0;89,45899963;91,00802612;-0,681131976
-3,125;-0,230705875;0;89,45899963;91,00802612;-0,670147555
-3;-0,241692203;0;89,45899963;91,00802612;-0,670147555
-3;-0,252678531;0;89,45899963;91,00802612;-0,670147555
-3,125;-0,263664859;0;89,45899963;91,00802612;-0,681131976
-3;-0,252678531;0;89,45899963;91,00802612;-0,681131976
-3,125;-0,241692203;0;89,45899963;91,00802612;-0,681131976
-3,125;-0,219721454;0;89,45899963;91,00802612;-0,670147555
-3,125;-0,186762469;0;89,45899963;91,00802612;-0,670147555
-3,125;-0,186762469;0;89,45899963;91,00802612;-0,659161227
-3,125;-0,186762469;0;89,45899963;91,00802612;-0,648174899
-3,125;-0,186762469;0;89,45899963;91,00802612;-0,637188571
-3,125;-0,197748797;0;89,45899963;91,00802612;-0,615215915
-3,125;-0,197748797;0;89,45899963;91,00802612;-0,615215915
-3;-0,197748797;0;89,45899963;91,00802612;-0,615215915
-3,125;-0,197748797;0;89,45899963;91,00802612;-0,615215915
-3;-0,197748797;0;89,45899963;91,00802612;-0,615215915
-3,125;-0,197748797;0;89,45899963;91,00802612;-0,615215915
-3,125;-0,208735126;0;89,45899963;91,00802612;-0,626202243
-3;-0,219721454;0;89,45899963;91,00802612;-0,637188571
-3;-0,219721454;0;89,45899963;91,00802612;-0,670147555
-3;-0,219721454;0;89,45899963;91,00802612;-0,692118304
-3;-0,208735126;0;89,45899963;91,00802612;-0,725077289
-3;-0,197748797;0;89,45899963;91,00802612;-0,736061709
-3,125;-0,175776141;0;89,45899963;91,01351929;-0,758034366
-3;-0,175776141;0;89,45899963;91,01351929;-0,758034366
-3,125;-0,175776141;0;89,45899963;91,01351929;-0,758034366
-3,125;-0,175776141;0;89,4644928;91,01351929;-0,758034366
-3,125;-0,186762469;0;89,4644928;91,01351929;-0,758034366
-3,125;-0,186762469;0;89,4644928;91,01351929;-0,758034366
-3;-0,186762469;0;89,4644928;91,01351929;-0,747048038
-3,125;-0,186762469;0;89,4644928;91,01351929;-0,747048038
-3;-0,175776141;0;89,4644928;91,01351929;-0,758034366
-3;-0,164789813;0;89,4644928;91,01351929;-0,758034366
-3;-0,164789813;0;89,4644928;91,01351929;-0,747048038
-3,125;-0,164789813;0;89,4644928;91,01351929;-0,736061709
-3,125;-0,164789813;0;89,4644928;91,01351929;-0,736061709
-3;-0,175776141;0;89,4644928;91,01351929;-0,736061709
-3,125;-0,197748797;0;89,4644928;91,01351929;-0,736061709
-3,125;-0,197748797;0;89,4644928;91,01351929;-0,725077289
-3;-0,208735126;0;89,4644928;91,01351929;-0,725077289
-3;-0,208735126;0;89,4644928;91,01351929;-0,725077289
-3,125;-0,197748797;0;89,4644928;91,01351929;-0,725077289
-3;-0,197748797;0;89,4644928;91,01351929;-0,736061709
-3,125;-0,197748797;0;89,4644928;91,01351929;-0,736061709
-3,125;-0,208735126;0;89,4644928;91,01351929;-0,725077289
-3;-0,230705875;0;89,4644928;91,01351929;-0,725077289
-3;-0,241692203;0;89,4644928;91,01351929;-0,714090961
-3;-0,252678531;0;89,4644928;91,01351929;-0,714090961
-3;-0,252678531;0;89,4644928;91,01351929;-0,725077289
-3;-0,241692203;0;89,4644928;91,01351929;-0,714090961
-3,125;-0,219721454;0;89,4644928;91,01351929;-0,714090961
-3;-0,197748797;0;89,4644928;91,01351929;-0,714090961
-3;-0,197748797;0;89,4644928;91,01351929;-0,714090961
-3,125;-0,186762469;0;89,4644928;91,01351929;-0,703104632
-3;-0,197748797;0;89,4644928;91,01351929;-0,703104632
-3,125;-0,219721454;0;89,4644928;91,01351929;-0,703104632
-3;-0,230705875;0;89,4644928;91,01351929;-0,703104632
-3;-0,241692203;0;89,4644928;91,01351929;-0,703104632
-3;-0,252678531;0;89,4644928;91,01351929;-0,703104632
-3,125;-0,252678531;0;89,4644928;91,01351929;-0,692118304
-3;-0,230705875;0;89,4644928;91,01351929;-0,692118304
-3;-0,219721454;0;89,4644928;91,01351929;-0,692118304
-3,125;-0,186762469;0;89,4644928;91,01351929;-0,692118304
-3,125;-0,175776141;0;89,4644928;91,01351929;-0,692118304
-3,125;-0,164789813;0;89,4644928;91,01351929;-0,692118304
-3;-0,175776141;0;89,4644928;91,01351929;-0,692118304
-3,125;-0,186762469;0;89,4644928;91,01351929;-0,692118304
-3;-0,197748797;0;89,4644928;91,01351929;-0,692118304
-3;-0,208735126;0;89,4644928;91,01351929;-0,692118304
-3;-0,219721454;0;89,4644928;91,01351929;-0,681131976
-3;-0,230705875;0;89,4644928;91,01351929;-0,681131976
-3,125;-0,219721454;0;89,4644928;91,01351929;-0,681131976
-3;-0,219721454;0;89,4644928;91,01351929;-0,681131976
-3,125;-0,208735126;0;89,4644928;91,01351929;-0,681131976
-3,125;-0,197748797;0;89,4644928;91,01351929;-0,681131976
-3;-0,197748797;0;89,4644928;91,01351929;-0,681131976
-3;-0,208735126;0;89,4644928;91,01351929;-0,681131976
-3;-0,208735126;0;89,4644928;91,01351929;-0,681131976
-3,125;-0,219721454;0;89,4644928;91,01351929;-0,681131976
-3;-0,230705875;0;89,4644928;91,01351929;-0,681131976
-3,125;-0,241692203;0;89,4644928;91,01351929;-0,681131976
-3;-0,263664859;0;89,4644928;91,01351929;-0,681131976
-3;-0,296621936;0;89,4644928;91,01351929;-0,681131976
-3;-0,307608264;0;89,45899963;91,01351929;-0,681131976
-3;-0,32958092;0;89,45899963;91,01351929;-0,681131976
-3;-0,32958092;0;89,45899963;91,01351929;-0,692118304
-3;-0,318594592;0;89,45899963;91,01351929;-0,703104632
-3;-0,307608264;0;89,45899963;91,01351929;-0,703104632
-3;-0,307608264;0;89,45899963;91,01351929;-0,703104632
-3;-0,296621936;0;89,45899963;91,01351929;-0,703104632
-3;-0,307608264;0;89,45899963;91,00802612;-0,714090961
-3;-0,32958092;0;89,45899963;91,00802612;-0,725077289
-3;-0,351551669;0;89,45899963;91,00802612;-0,725077289
-3;-0,384510654;0;89,45899963;91,00802612;-0,736061709
-3;-0,384510654;0;89,4644928;91,01351929;-0,736061709
-3;-0,384510654;0;89,45899963;91,00802612;-0,736061709
-3;-0,384510654;0;89,44252014;90,99154663;-0,736061709
-3;-0,362537997;0;89,42604065;90,97506714;-0,747048038
-3;-0,351551669;0;89,41505432;90,96408081;-0,747048038
-3;-0,351551669;0;89,40956116;90,96408081;-0,747048038
-3;-0,362537997;0;89,39308167;90,94760132;-0,747048038
-3;-0,384510654;0;89,37660217;90,92562866;-0,758034366
-3;-0,395496982;0;89,35463715;90,90914917;-0,758034366
-3;-0,40648331;0;89,34365082;90,89266968;-0,769020694
-3;-0,40648331;0;89,32717133;90,87619781;-0,769020694
-3;-0,40648331;0;89,30519867;90,85971832;-0,769020694
-3;-0,395496982;0;89,28322601;90,8322525;-0,769020694
-3;-0,384510654;0;89,25576019;90,80478668;-0,769020694
-3;-0,384510654;0;89,23378754;90,78281403;-0,769020694
-3;-0,384510654;0;89,20082855;90,74985504;-0,769020694
-3;-0,395496982;0;89,1623764;90,71140289;-0,769020694
-3;-0,40648331;0;89,11843109;90,66745758;-0,769020694
-3;-0,40648331;0;89,05801392;90,61253357;-0,769020694
-3;-0,40648331;0;89,00308228;90,55760193;-0,758034366
-3;-0,40648331;0;88,94815063;90,49717712;-0,736061709
-3;-0,395496982;0;88,88223267;90,43125916;-0,725077289
-3;-0,395496982;0;88,79434967;90,34337616;-0,714090961
-3;-0,395496982;0;88,71195221;90,2609787;-0,714090961
-3;-0,395496982;0;88,62955475;90,17858124;-0,714090961
-3;-0,384510654;0;88,54716492;90,09619141;-0,714090961
-3;-0,384510654;0;88,4427948;89,99182129;-0,725077289
-3;-0,384510654;0;88,35490417;89,90393066;-0,736061709
-3;-0,395496982;0;88,27251434;89,82154083;-0,747048038
-3;-0,40648331;0;88,19011688;89,73914337;-0,747048038
-3;-0,40648331;0;88,11321259;89,66223907;-0,747048038
-3;-0,40648331;0;88,03631592;89,58534241;-0,747048038
-3;-0,40648331;0;87,96490479;89,51393127;-0,747048038
-3;-0,395496982;0;87,88250732;89,43153381;-0,747048038
-3;-0,384510654;0;87,81110382;89,36561584;-0,747048038
-3;-0,384510654;0;87,73969269;89,29421234;-0,747048038
-3;-0,384510654;0;87,67926788;89,22829437;-0,747048038
-3;-0,395496982;0;87,60785675;89,1623764;-0,736061709
-3;-0,40648331;0;87,54194641;89,0909729;-0,736061709
-3;-0,40648331;0;87,46504211;89,0140686;-0,736061709
-3;-0,40648331;0;87,38813782;88,93716431;-0,736061709
-3;-0,40648331;0;87,31124115;88,86026001;-0,736061709
-3;-0,395496982;0;87,25081635;88,79984283;-0,736061709
-3;-0,395496982;0;87,19039154;88,74491119;-0,736061709
-3;-0,395496982;0;87,12996674;88,67899323;-0,736061709
-3;-0,395496982;0;87,06954193;88,61856842;-0,736061709
-3;-0,395496982;0;87,02560425;88,5801239;-0,736061709
-3;-0,395496982;0;86,99813843;88,54716492;-0,736061709
-3;-0,395496982;0;86,97067261;88,5196991;-0,736061709
-3;-0,395496982;0;86,94869995;88,49772644;-0,736061709
-3;-0,395496982;0;86,93222046;88,48124695;-0,736061709
-3;-0,395496982;0;86,91574097;88,46476746;-0,736061709
-3;-0,395496982;0;86,92123413;88,47026062;-0,736061709
-3;-0,395496982;0;86,93222046;88,48124695;-0,736061709
-3;-0,395496982;0;86,93222046;88,48124695;-0,736061709
-3;-0,395496982;0;86,92123413;88,47575378;-0,736061709
-3;-0,395496982;0;86,92672729;88,47575378;-0,736061709
-3;-0,395496982;0;86,93222046;88,48124695;-0,736061709
-3;-0,395496982;0;86,93222046;88,48124695;-0,736061709
-3;-0,395496982;0;86,93222046;88,48124695;-0,736061709
-3;-0,395496982;0;86,93222046;88,48124695;-0,736061709
-3;-0,395496982;0;86,93222046;88,48124695;-0,736061709
-3;-0,395496982;0;86,93222046;88,48124695;-0,736061709
-3;-0,395496982;0;86,93222046;88,48124695;-0,736061709
-3;-0,395496982;0;86,93222046;88,48124695;-0,736061709
-3;-0,395496982;0;86,92672729;88,48124695;-0,736061709
-3;-0,395496982;0;86,93222046;88,48124695;-0,736061709
-3;-0,395496982;0;86,93222046;88,48124695;-0,736061709
-3;-0,395496982;0;86,93222046;88,48124695;-0,736061709
-3;-0,395496982;0;86,93222046;88,48124695;-0,736061709
-3;-0,395496982;0;86,93222046;88,48124695;-0,736061709
-3;-0,395496982;0;86,93222046;88,48124695;-0,736061709
-3;-0,395496982;0;86,93222046;88,48124695;-0,736061709
-3;-0,395496982;0;86,93222046;88,48124695;-0,736061709
-3;-0,395496982;0;86,93222046;88,48124695;-0,736061709
-3;-0,395496982;0;86,93222046;88,48124695;-0,736061709
-3;-0,395496982;0;86,93222046;88,48124695;-0,736061709
-3;-0,395496982;0;86,93222046;88,48124695;-0,736061709
-3;-0,395496982;0;86,92672729;88,48124695;-0,736061709
-3;-0,395496982;0;86,92672729;88,48124695;-0,736061709
-3;-0,395496982;0;86,92672729;88,48124695;-0,736061709
-3;-0,395496982;0;86,92672729;88,48124695;-0,736061709
-3;-0,395496982;0;86,92672729;88,48124695;-0,736061709
-3;-0,395496982;0;86,92672729;88,48124695;-0,736061709
-3;-0,395496982;0;86,92672729;88,47575378;-0,736061709
-3;-0,395496982;0;86,92672729;88,47575378;-0,736061709
-3;-0,395496982;0;86,92672729;88,47575378;-0,736061709
-3;-0,395496982;0;86,92672729;88,47575378;-0,736061709
-3;-0,395496982;0;86,92672729;88,47575378;-0,736061709
-3;-0,395496982;0;86,92672729;88,48124695;-0,736061709
-3;-0,395496982;0;86,92672729;88,48124695;-0,736061709
-3;-0,395496982;0;86,92672729;88,47575378;-0,736061709
-3;-0,395496982;0;86,92123413;88,47026062;-0,736061709
-3,125;-0,395496982;0;86,91574097;88,46476746;-0,736061709
-3;-0,395496982;0;86,9102478;88,45927429;-0,736061709
-3;-0,395496982;0;86,90475464;88,45378113;-0,736061709
-3;-0,395496982;0;86,89376831;88,4427948;-0,736061709
-3,125;-0,395496982;0;86,86630249;88,42082214;-0,736061709
-3,125;-0,395496982;0;86,83883667;88,38786316;-0,736061709
-3,125;-0,395496982;0;86,81137085;88,3658905;-0,736061709
-3;-0,395496982;0;86,78940582;88,33842468;-0,736061709
-3;-0,395496982;0;86,75644684;88,30547333;-0,736061709
-3,125;-0,395496982;0;86,71250153;88,26152802;-0,736061709
-3;-0,395496982;0;86,66855621;88,22307587;-0,736061709
-3,125;-0,395496982;0;86,6246109;88,17913055;-0,736061709
-3;-0,395496982;0;86,58066559;88,12969208;-0,736061709
-3,125;-0,395496982;0;86,54222107;88,09123993;-0,736061709
-3,125;-0,395496982;0;86,50926208;88,05828857;-0,736061709
-3;-0,395496982;0;86,48728943;88,03631592;-0,736061709
-3,125;-0,395496982;0;86,47080994;88,01983643;-0,736061709
-3;-0,395496982;0;86,44334412;87,99786377;-0,736061709
-3,125;-0,395496982;0;86,42686462;87,97589111;-0,736061709
-3;-0,40648331;0;86,42137146;87,97589111;-0,736061709
-3,125;-0,395496982;0;86,42137146;87,97589111;-0,736061709
-3,125;-0,395496982;0;86,42137146;87,97589111;-0,736061709
-3;-0,395496982;0;86,42686462;87,97589111;-0,736061709
-3;-0,395496982;0;86,43785095;87,98687744;-0,736061709
-3;-0,395496982;0;86,45433044;88,00335693;-0,736061709
-3,125;-0,395496982;0;86,46531677;88,01434326;-0,736061709
-3;-0,395496982;0;86,47080994;88,02532959;-0,736061709
-3,125;-0,395496982;0;86,48179626;88,03631592;-0,736061709
-3;-0,395496982;0;86,49827576;88,04730225;-0,736061709
-3;-0,395496982;0;86,51475525;88,06378174;-0,736061709
-3;-0,395496982;0;86,53123474;88,0802536;-0,736061709
-3,125;-0,395496982;0;86,5477066;88,10222626;-0,736061709
-3,125;-0,395496982;0;86,56967926;88,11870575;-0,736061709
-3;-0,395496982;0;86,58615875;88,13518524;-0,736061709
-3;-0,395496982;0;86,60263824;88,15166473;-0,747048038
-3;-0,395496982;0;86,61911774;88,16814423;-0,736061709
-3,125;-0,395496982;0;86,64109039;88,19011688;-0,736061709
-3;-0,395496982;0;86,65756989;88,21208954;-0,736061709
-3,125;-0,395496982;0;86,67954254;88,22856903;-0,736061709
-3;-0,395496982;0;86,69052887;88,24504852;-0,736061709
-3;-0,395496982;0;86,71250153;88,26152802;-0,736061709
-3,125;-0,395496982;0;86,73996735;88,28899384;-0,736061709
-3;-0,395496982;0;86,77841949;88,32744598;-0,736061709
-3,125;-0,395496982;0;86,81686401;88,3658905;-0,736061709
-3;-0,395496982;0;86,86080933;88,40983582;-0,736061709
-3,125;-0,395496982;0;86,90475464;88,45378113;-0,736061709
-3;-0,395496982;0;86,97067261;88,5196991;-0,736061709
-3;-0,395496982;0;87,04208374;88,59111023;-0,736061709
-3,125;-0,395496982;0;87,10799408;88,65702057;-0,736061709
-3,125;-0,395496982;0;87,17940521;88,7284317;-0,736061709
-3;-0,395496982;0;87,26180267;88,81082916;-0,736061709
-3,125;-0,395496982;0;87,32771301;88,8767395;-0,736061709
-3,125;-0,395496982;0;87,38813782;88,94265747;-0,736061709
-3,125;-0,395496982;0;87,45405579;89,00308228;-0,736061709
-3,125;-0,395496982;0;87,53645325;89,08547974;-0,736061709
-3,125;-0,395496982;0;87,61334991;89,1623764;-0,736061709
-3,125;-0,395496982;0;87,69574738;89,24477386;-0,736061709
-3,125;-0,395496982;0;87,77265167;89,32717133;-0,736061709
-3,125;-0,395496982;0;87,86602783;89,41505432;-0,736061709
-3,125;-0,40648331;0;87,94842529;89,49745178;-0,736061709
-3,125;-0,40648331;0;88,03082275;89,57984924;-0,736061709
-3,125;-0,40648331;0;88,10771942;89,65674591;-0,736061709
-3,25;-0,395496982;0;88,20110321;89,7501297;-0,736061709
-3,25;-0,395496982;0;88,27800751;89,827034;-0,736061709
-3,25;-0,395496982;0;88,36039734;89,90942383;-0,736061709
-3,125;-0,395496982;0;88,4427948;90,00830078;-0,736061709
-3,125;-0,395496982;0;88,54167175;90,08520508;-0,736061709
-3,125;-0,395496982;0;88,61856842;90,16759491;-0,736061709
-3,125;-0,40648331;0;88,70645905;90,25548553;-0,736061709
-3,25;-0,40648331;0;88,82181549;90,37084198;-0,736061709
-3,125;-0,40648331;0;88,92068481;90,47520447;-0,736061709
-3,25;-0,40648331;0;89,02505493;90,57408142;-0,736061709
-3,25;-0,395496982;0;89,11843109;90,66745758;-0,736061709
-3,25;-0,395496982;0;89,22280121;90,7718277;-0,736061709
-3,25;-0,395496982;0;89,316185;90,86521149;-0,736061709
-3,25;-0,395496982;0;89,40956116;90,95858765;-0,736061709
-3,25;-0,395496982;0;89,49745178;91,04647827;-0,736061709
-3,25;-0,395496982;0;89,59083557;91,13986206;-0,736061709
-3,25;-0,395496982;0;89,67871857;91,22774506;-0,736061709
-3,25;-0,395496982;0;89,77210236;91,32112885;-0,736061709
-3,25;-0,395496982;0;89,85999298;91,40901184;-0,736061709
-3,25;-0,395496982;0;89,96984863;91,51887512;-0,736061709
-3,25;-0,395496982;0;90,07421875;91,62324524;-0,736061709
-3,25;-0,395496982;0;90,20604706;91,75507355;-0,736061709
-3,25;-0,395496982;0;90,37633514;91,925354;-0,736061709
-3,25;-0,395496982;0;90,61253357;92,16156006;-0,736061709
-3,25;-0,395496982;0;90,85971832;92,40874481;-0,736061709
-3,375;-0,40648331;0;91,16182709;92,71085358;-0,736061709
-3,375;-0,40648331;0;91,51338196;93,06240845;-0,736061709
-3,375;-0,40648331;0;91,95281982;93,50184631;-0,736061709
-3,375;-0,395496982;0;92,34832001;93,90283966;-0,736061709
-3,375;-0,395496982;0;92,77677155;94,3312912;-0,736061709
-3,375;-0,395496982;0;93,24367523;94,79270172;-0,736061709
-3,375;-0,395496982;0;93,83142853;95,38594818;-0,736061709
-3,375;-0,395496982;0;94,40270233;95,95172882;-0,736061709
-3,375;-0,395496982;0;95,0508728;96,60539246;-0,736061709
-3,375;-0,395496982;0;95,79242706;97,34145355;-0,736061709
-3,375;-0,395496982;0;96,72624207;98,27526855;-0,736061709
-3,375;-0,395496982;0;97,57765198;99,12667847;-0,736061709
-3,375;-0,395496982;0;98,478508;100,0275345;-0,736061709
-3,375;-0,395496982;0;99,43428802;100,9833145;-0,736061709
-3,375;-0,395496982;0;100,609787;102,1588135;-0,736061709
-3,375;-0,395496982;0;101,6699371;103,2189636;-0,736061709
-3,375;-0,395496982;0;102,7850189;104,3340454;-0,736061709
-3,375;-0,395496982;0;103,9605179;105,5095444;-0,736061709
-3,375;-0,395496982;0;105,3941956;106,943222;-0,736061709
-3,5;-0,395496982;0;106,685051;108,2340775;-0,736061709
-3,5;-0,395496982;0;108,0143585;109,5633774;-0,736061709
-3,5;-0,395496982;0;109,6128159;111,1673355;-0,736061709
-3,5;-0,395496982;0;111,0410004;112,59552;-0,736061709
-3,5;-0,395496982;0;112,5405884;114,0896149;-0,736061709
-3,375;-0,395496982;0;114,1115875;115,6661072;-0,736061709
-3,5;-0,395496982;0;116,0561066;117,6051331;-0,736061709
-3,5;-0,395496982;0;117,824852;119,3738785;-0,736061709
-3,5;-0,40648331;0;119,6705017;121,2195282;-0,736061709
-3,5;-0,40648331;0;121,5875549;123,1365814;-0,736061709
-3,5;-0,40648331;0;123,8836288;125,4326553;-0,736061709
-3,5;-0,395496982;0;125,8940735;127,4431;-0,736061709
-3,375;-0,395496982;0;127,9264832;129,4810028;-0,736061709
-3,5;-0,395496982;0;129,9808655;131,529892;-0,736061709
-3,375;-0,395496982;0;132,3758087;133,9248352;-0,736061709
-3,5;-0,395496982;0;134,430191;135,9792175;-0,736061709
-3,5;-0,40648331;0;136,4900665;138,039093;-0,736061709
-3,5;-0,40648331;0;138,5609283;140,1099548;-0,736061709
-3,5;-0,395496982;0;140,9723511;142,5213776;-0,736061709
-3,375;-0,395496982;0;143,0432129;144,5922394;-0,736061709
-3,5;-0,395496982;0;145,1085815;146,657608;-0,736061709
-3,375;-0,395496982;0;147,1794434;148,7284698;-0,736061709
-3,5;-0,40648331;0;149,6018524;151,1563721;-0,736061709
-3,375;-0,40648331;0;151,6837006;153,2327271;-0,736061709
-3,5;-0,40648331;0;153,7655487;155,3145752;-0,736061709
-3,5;-0,40648331;0;155,8473969;157,3964233;-0,736061709
-3,5;-0,395496982;0;158,2698059;159,8188324;-0,736061709
-3,375;-0,395496982;0;160,3296814;161,8787079;-0,736061709
-3,375;-0,395496982;0;162,3785706;163,927597;-0,736061709
-3,5;-0,395496982;0;164,4109802;165,9600067;-0,736061709
-3,375;-0,40648331;0;166,6631165;168,2121429;-0,736061709
-3,5;-0,40648331;0;168,4263763;169,9754028;-0,736061709
-3,375;-0,40648331;0;170,0028687;171,5518951;-0,736061709
-3,5;-0,40648331;0;171,3980865;172,947113;-0,736061709
-3,5;-0,40648331;0;172,7823181;174,3313446;-0,736061709
-3,5;-0,40648331;0;173,765564;175,3145905;-0,736061709
-3,5;-0,40648331;0;174,5840302;176,1330566;-0,736061709
-3,375;-0,40648331;0;175,265152;176,8196716;-0,736061709
-3,375;-0,40648331;0;175,9298096;177,4788361;-0,736061709
-3,375;-0,40648331;0;176,4186859;177,9622192;-0,736061709
-3,5;-0,40648331;0;176,8471375;178,4016571;-0,736061709
-3,5;-0,40648331;0;177,2206573;178,7696838;-0,736061709
-3,5;-0,40648331;0;177,5282745;179,077301;-0,736061709
-3,375;-0,40648331;0;177,6985474;179,2475739;-0,736061709
-3,375;-0,395496982;0;177,8248901;179,3794098;-0,736061709
-3,375;-0,395496982;0;177,9457397;179,5167389;-0,736061709
-3,375;-0,395496982;0;178,0720825;179,6266022;-0,736061709
-3,5;-0,395496982;0;178,1764526;179,7254791;-0,736061709
-3,375;-0,40648331;0;178,2753143;179,8243408;-0,736061709
-3,5;-0,40648331;0;178,3851776;179,9342041;-0,736061709
-3,5;-0,40648331;0;178,4785614;-179,9561771;-0,736061709
-3,375;-0,40648331;0;178,5774384;-179,8627933;-0,736061709
-3,5;-0,395496982;0;178,665329;-179,7749027;-0,736061709
-3,375;-0,395496982;0;178,7696838;-179,6705478;-0,736061709
-3,5;-0,395496982;0;178,8465881;-179,5936435;-0,736061709
-3,375;-0,395496982;0;178,9234924;-179,5167392;-0,736061709
-3,5;-0,395496982;0;179,0058899;-179,4343417;-0,736061709
-3,375;-0,395496982;0;179,0937805;-179,3409579;-0,736061709
-3,375;-0,395496982;0;179,176178;-179,2640537;-0,736061709
-3,375;-0,395496982;0;179,2475739;-179,1871646;-0,736061709
-3,375;-0,40648331;0;179,3244781;-179,1157535;-0,736061709
-3,375;-0,40648331;0;179,4068756;-179,0278629;-0,736061709
-3,375;-0,395496982;0;179,4673004;-178,9674381;-0,736061709
-3,375;-0,395496982;0;179,5112457;-178,9289859;-0,736061709
-3,375;-0,395496982;0;179,5442047;-178,8960269;-0,736061709
-3,375;-0,395496982;0;179,5771637;-178,8630679;-0,736061709
-3,375;-0,395496982;0;179,5936432;-178,8465884;-0,736061709
-3,375;-0,40648331;0;179,6101227;-178,8301089;-0,736061709
-3,375;-0,40648331;0;179,6266022;-178,8136295;-0,736061709
-3,375;-0,40648331;0;179,6430817;-178,79715;-0,736061709
-3,375;-0,40648331;0;179,6595612;-178,7806705;-0,736061709
-3,375;-0,395496982;0;179,6760406;-178,764191;-0,736061709
-3,375;-0,395496982;0;179,6925201;-178,7477115;-0,736061709
-3,375;-0,395496982;0;179,7089996;-178,731232;-0,736061709
-3,375;-0,395496982;0;179,719986;-178,7147678;-0,736061709
-3,375;-0,395496982;0;179,7309723;-178,7092746;-0,736061709
-3,375;-0,40648331;0;179,7419434;-178,6982883;-0,736061709
-3,375;-0,40648331;0;179,7529297;-178,6873019;-0,736061709
-3,375;-0,40648331;0;179,7584229;-178,6763156;-0,736061709
-3,375;-0,40648331;0;179,7694092;-178,6708225;-0,736061709
-3,375;-0,395496982;0;179,7749023;-178,6653293;-0,736061709
-3,375;-0,395496982;0;179,7858887;-178,654343;-0,736061709
-3,375;-0,395496982;0;179,796875;-178,6433566;-0,736061709
-3,375;-0,395496982;0;179,8078613;-178,6323703;-0,736061709
-3,375;-0,395496982;0;179,8243408;-178,6158908;-0,736061709
-3,5;-0,40648331;0;179,8408203;-178,5994113;-0,736061709
-3,5;-0,40648331;0;179,8463135;-178,588425;-0,736061709
-3,375;-0,40648331;0;179,862793;-178,5774387;-0,736061709
-3,375;-0,40648331;0;179,8682861;-178,5719455;-0,736061709
-3,375;-0,395496982;0;179,8682861;-178,5719455;-0,736061709
-3,375;-0,395496982;0;179,8518066;-178,588425;-0,736061709
-3,375;-0,395496982;0;179,8023682;-178,6433566;-0,736061709
-3,375;-0,395496982;0;179,7144928;-178,7202457;-0,736061709
-3,375;-0,40648331;0;179,6375885;-178,8026431;-0,736061709
-3,375;-0,40648331;0;179,555191;-178,8795474;-0,736061709
-3,375;-0,40648331;0;179,4727936;-178,9674381;-0,736061709
-3,375;-0,40648331;0;179,3794098;-179,0608218;-0,736061709
-3,375;-0,395496982;0;179,3079987;-179,132233;-0,736061709
-3,375;-0,395496982;0;179,2585602;-179,1816714;-0,736061709
-3,5;-0,395496982;0;179,2256165;-179,2146304;-0,736061709
-3,375;-0,395496982;0;179,1981506;-179,242081;-0,736061709
-3,375;-0,395496982;0;179,1816711;-179,2585605;-0,736061709
-3,375;-0,395496982;0;179,1651917;-179,27504;-0,736061709
-3,375;-0,395496982;0;179,1487122;-179,2915195;-0,736061709
-3,5;-0,395496982;0;179,1377258;-179,3025058;-0,736061709
-3,375;-0,395496982;0;179,1267395;-179,307999;-0,736061709
-3,5;-0,395496982;0;179,1157532;-179,3189853;-0,736061709
-3,375;-0,40648331;0;179,1157532;-179,3244785;-0,736061709
-3,5;-0,40648331;0;179,11026;-179,3299716;-0,736061709
-3,5;-0,40648331;0;179,1047668;-179,3299716;-0,736061709
-3,375;-0,40648331;0;179,0992737;-179,3409579;-0,736061709
-3,5;-0,40648331;0;179,0882874;-179,3519443;-0,736061709
-3,375;-0,40648331;0;179,0663147;-179,3684238;-0,736061709
-3,375;-0,40648331;0;179,0553284;-179,3849033;-0,736061709
-3,375;-0,40648331;0;179,044342;-179,3958896;-0,736061709
-3,375;-0,40648331;0;179,0333557;-179,4068759;-0,736061709
-3,375;-0,40648331;0;179,0168762;-179,4233554;-0,736061709
-3,375;-0,40648331;0;179,0058899;-179,4343417;-0,736061709
-3,375;-0,40648331;0;179,0003967;-179,4398349;-0,736061709
-3,375;-0,40648331;0;178,9894104;-179,4508212;-0,736061709
-3,375;-0,40648331;0;178,9729309;-179,4673007;-0,736061709
-3,375;-0,40648331;0;178,9619446;-179,4837802;-0,736061709
-3,375;-0,40648331;0;178,9399719;-179,5002597;-0,736061709
-3,375;-0,395496982;0;178,9234924;-179,5167392;-0,736061709
-3,375;-0,395496982;0;178,8905334;-179,5496982;-0,736061709
-3,375;-0,40648331;0;178,8630676;-179,577164;-0,736061709
-3,375;-0,40648331;0;178,8301086;-179,610123;-0,736061709
-3,375;-0,40648331;0;178,8026428;-179,6375888;-0,736061709
-3,375;-0,40648331;0;178,7641907;-179,676041;-0,736061709
-3,375;-0,40648331;0;178,7312317;-179,7035068;-0,736061709
-3,375;-0,40648331;0;178,7037811;-179,7364658;-0,736061709
-3,375;-0,40648331;0;178,665329;-179,7749027;-0,736061709
-3,375;-0,40648331;0;178,63237;-179,8078616;-0,736061709
-3,5;-0,40648331;0;178,6103973;-179,8298343;-0,736061709
-3,375;-0,40648331;0;178,5939178;-179,8408206;-0,736061709
-3,375;-0,395496982;0;178,5829315;-179,8573001;-0,736061709
-3,375;-0,395496982;0;178,566452;-179,8737796;-0,736061709
-3,375;-0,395496982;0;178,5389862;-179,9012454;-0,736061709
-3,5;-0,40648331;0;178,5060272;-179,9342044;-0,736061709
-3,375;-0,40648331;0;178,4510956;-179,9836429;-0,736061709
-3,375;-0,40648331;0;178,3961639;179,9451904;-0,736061709
-3,375;-0,40648331;0;178,3357391;179,8847656;-0,736061709
-3,375;-0,40648331;0;178,264328;179,8133545;-0,736061709
-3,375;-0,395496982;0;178,1819458;179,7309723;-0,736061709
-3,375;-0,395496982;0;178,1105347;179,6595612;-0,736061709
-3,375;-0,395496982;0;178,0391235;179,58815;-0,736061709
-3,375;-0,395496982;0;177,9622192;179,5112457;-0,736061709
-3,375;-0,40648331;0;177,8688354;179,4178619;-0,736061709
-3,375;-0,40648331;0;177,786438;179,3409576;-0,736061709
-3,375;-0,40648331;0;177,7150269;179,2640533;-0,736061709
-3,375;-0,40648331;0;177,643631;179,1926575;-0,736061709
-3,375;-0,40648331;0;177,5667267;179,1157532;-0,736061709
-3,375;-0,40648331;0;177,5063019;179,0553284;-0,736061709
-3,375;-0,40648331;0;177,4513702;179,0003967;-0,736061709
-3,375;-0,395496982;0;177,3964386;178,9454651;-0,736061709
-3,375;-0,395496982;0;177,3360138;178,8850403;-0,736061709
-3,375;-0,40648331;0;177,2810822;178,8301086;-0,736061709
-3,375;-0,40648331;0;177,2316437;178,7806702;-0,736061709
-3,375;-0,40648331;0;177,1986847;178,742218;-0,736061709
-3,375;-0,40648331;0;177,1876984;178,7367249;-0,736061709
-3,375;-0,40648331;0;177,1931915;178,742218;-0,736061709
-3,375;-0,40648331;0;177,209671;178,7586975;-0,736061709
-3,375;-0,395496982;0;177,2206573;178,7696838;-0,736061709
-3,375;-0,395496982;0;177,2371368;178,7861633;-0,736061709
-3,375;-0,395496982;0;177,2536163;178,8026428;-0,736061709
-3,375;-0,40648331;0;177,275589;178,8301086;-0,736061709
-3,375;-0,40648331;0;177,3030548;178,8520813;-0,736061709
-3,375;-0,40648331;0;177,3305206;178,8795471;-0,736061709
-3,375;-0,40648331;0;177,3524933;178,9015198;-0,736061709
-3,375;-0,395496982;0;177,3744659;178,9234924;-0,736061709
-3,375;-0,395496982;0;177,3964386;178,9454651;-0,736061709
-3,375;-0,395496982;0;177,4239044;178,9784241;-0,736061709
-3,375;-0,395496982;0;177,4568634;179,0058899;-0,736061709
-3,375;-0,395496982;0;177,4843292;179,0333557;-0,736061709
-3,375;-0,40648331;0;177,5227814;179,0663147;-0,736061709
-3,375;-0,40648331;0;177,5557404;179,1047668;-0,736061709
-3,375;-0,40648331;0;177,5996857;179,1542053;-0,736061709
-3,375;-0,395496982;0;177,6601105;179,209137;-0,736061709
-3,375;-0,395496982;0;177,7479858;179,2970123;-0,736061709
-3,375;-0,395496982;0;177,8358765;179,384903;-0,736061709
-3,375;-0,395496982;0;177,9292603;179,4782867;-0,736061709
-3,375;-0,395496982;0;178,0281372;179,5771637;-0,736061709
-3,375;-0,40648331;0;178,1380005;179,687027;-0,736061709
-3,375;-0,40648331;0;178,2039185;179,7529297;-0,736061709
-3,375;-0,40648331;0;178,2478485;179,796875;-0,736061709
-3,375;-0,40648331;0;178,2917938;179,8408203;-0,736061709
-3,375;-0,395496982;0;178,3412323;179,8902588;-0,736061709
-3,375;-0,395496982;0;178,3796844;179,9287109;-0,736061709
-3,375;-0,395496982;0;178,4071503;179,9616699;-0,736061709
-3,375;-0,395496982;0;178,4181366;179,9671631;-0,736061709
-3,375;-0,40648331;0;178,3906708;179,9396973;-0,736061709
-3,375;-0,40648331;0;178,3357391;179,8902588;-0,736061709
-3,375;-0,40648331;0;178,297287;179,8463135;-0,736061709
-3,25;-0,40648331;0;178,2753143;179,8243408;-0,736061709
-3,25;-0,40648331;0;178,2588348;179,8078613;-0,736061709
-3,25;-0,40648331;0;178,2588348;179,8078613;-0,736061709
-3,25;-0,40648331;0;178,2588348;179,8078613;-0,736061709
-3,25;-0,40648331;0;178,2698212;179,8243408;-0,736061709
-3,25;-0,40648331;0;178,2917938;179,8408203;-0,736061709
-3,25;-0,40648331;0;178,3192596;179,8682861;-0,736061709
-3,25;-0,40648331;0;178,3357391;179,8902588;-0,736061709
-3,25;-0,40648331;0;178,3577118;179,9067383;-0,736061709
-3,25;-0,40648331;0;178,3796844;179,9287109;-0,736061709
-3,25;-0,40648331;0;178,3961639;179,9451904;-0,736061709
-3,25;-0,40648331;0;178,4126434;179,9671631;-0,736061709
-3,25;-0,40648331;0;178,4071503;179,9561768;-0,736061709
-3,25;-0,40648331;0;178,3247528;179,8737793;-0,736061709
-3,25;-0,395496982;0;178,1984253;179,7529297;-0,736061709
-3,25;-0,395496982;0;178,0610962;179,6101227;-0,736061709
-3,25;-0,40648331;0;177,9127808;179,4618073;-0,736061709
-3,25;-0,40648331;0;177,7369995;179,2915192;-0,736061709
-3,25;-0,40648331;0;177,5832062;179,1322327;-0,736061709
-3,25;-0,40648331;0;177,4239044;178,9784241;-0,736061709
-3,25;-0,40648331;0;177,2700958;178,8191223;-0,736061709
-3,125;-0,40648331;0;177,0943298;178,6433563;-0,736061709
-3,25;-0,40648331;0;176,9405212;178,4895477;-0,736061709
-3,125;-0,40648331;0;176,8141785;178,363205;-0,736061709
-3,25;-0,40648331;0;176,731781;178,2753143;-0,736061709
-3,25;-0,40648331;0;176,6823425;178,2368622;-0,736061709
-3,125;-0,40648331;0;176,654892;178,2093964;-0,736061709
-3,25;-0,40648331;0;176,6384125;178,187439;-0,736061709
-3,125;-0,40648331;0;176,6274261;178,1819458;-0,736061709
-3,125;-0,40648331;0;176,6384125;178,187439;-0,736061709
-3,25;-0,40648331;0;176,6439056;178,1929321;-0,736061709
-3,25;-0,40648331;0;176,654892;178,2039185;-0,736061709
-3,125;-0,40648331;0;176,6658783;178,2148895;-0,736061709
-3,125;-0,40648331;0;176,6823425;178,231369;-0,736061709
-3,125;-0,40648331;0;176,6933289;178,2478485;-0,736061709
-3,25;-0,40648331;0;176,7153015;178,2698212;-0,736061709
-3,25;-0,40648331;0;176,76474;178,3137665;-0,736061709
-3,125;-0,40648331;0;176,8251648;178,3741913;-0,736061709
-3,25;-0,40648331;0;176,8965759;178,4456024;-0,736061709
-3,25;-0,40648331;0;176,9734802;178,5279999;-0,736061709
-3,25;-0,40648331;0;177,0778503;178,6268768;-0,736061709
-3,25;-0,40648331;0;177,1602478;178,7092743;-0,736061709
-3,25;-0,40648331;0;177,2481232;178,7971497;-0,736061709
-3,125;-0,40648331;0;177,3360138;178,8850403;-0,736061709
-3,125;-0,40648331;0;177,4403839;178,9894104;-0,736061709
-3,125;-0,40648331;0;177,5282745;179,077301;-0,736061709
-3,125;-0,40648331;0;177,6161652;179,1651917;-0,736061709
-3,25;-0,40648331;0;177,7040405;179,253067;-0,736061709
-3,25;-0,40648331;0;177,7974243;179,3464508;-0,736061709
-3,25;-0,40648331;0;177,8743286;179,4233551;-0,736061709
-3,25;-0,40648331;0;177,9457397;179,4947662;-0,736061709
-3,125;-0,40648331;0;178,0171509;179,5661774;-0,736061709
-3,125;-0,40648331;0;178,0665894;179,621109;-0,736061709
-3,125;-0,40648331;0;178,0610962;179,6101227;-0,736061709
-3,25;-0,40648331;0;178,022644;179,5716705;-0,736061709
-3,25;-0,40648331;0;177,9732056;179,5222321;-0,736061709
-3,25;-0,40648331;0;177,9072876;179,4563141;-0,736061709
-3,125;-0,40648331;0;177,8468628;179,3958893;-0,736061709
-3,125;-0,40648331;0;177,7809448;179,3299713;-0,736061709
-3,125;-0,40648331;0;177,7150269;179,2640533;-0,736061709
-3,125;-0,40648331;0;177,6326447;179,1871643;-0,736061709
-3,125;-0,40648331;0;177,5667267;179,1157532;-0,736061709
-3,125;-0,40648331;0;177,4953156;179,044342;-0,736061709
-3,25;-0,40648331;0;177,4239044;178,9729309;-0,736061709
-3,125;-0,40648331;0;177,3470001;178,8960266;-0,736061709
-3,125;-0,40648331;0;177,275589;178,8246155;-0,736061709
-3,125;-0,40648331;0;177,2041779;178,7586975;-0,736061709
-3,125;-0,40648331;0;177,1217957;178,6708221;-0,736061709
-3,125;-0,40648331;0;177,0503845;178,599411;-0,736061709
-3,125;-0,40648331;0;176,9789734;178,5279999;-0,736061709
-3,25;-0,40648331;0;176,9185486;178,4675751;-0,736061709
-3,125;-0,40648331;0;176,8416443;178,3961639;-0,736061709
-3,125;-0,40648331;0;176,7812195;178,330246;-0,736061709
-3,125;-0,40648331;0;176,7207947;178,2698212;-0,736061709
-3,125;-0,40648331;0;176,6658783;178,2148895;-0,736061709
-3,125;-0,40648331;0;176,6164398;178,1654663;-0,736061709
-3,125;-0,40648331;0;176,621933;178,1709595;-0,736061709
-3,125;-0,40648331;0;176,6878357;178,2368622;-0,736061709
-3,25;-0,40648331;0;176,7867126;178,3357391;-0,736061709
-3,25;-0,40648331;0;176,9240417;178,4730682;-0,736061709
-3,125;-0,40648331;0;177,0558777;178,6049042;-0,736061709
-3,25;-0,40648331;0;177,1822205;178,7312317;-0,736061709
-3,125;-0,40648331;0;177,3195343;178,8685608;-0,736061709
-3,125;-0,40648331;0;177,4898224;179,0388489;-0,736061709
-3,125;-0,40648331;0;177,643631;179,1926575;-0,736061709
-3,125;-0,40648331;0;177,7974243;179,3464508;-0,736061709
-3,125;-0,40648331;0;177,9567261;179,5057526;-0,736061709
-3,125;-0,40648331;0;178,1489868;179,6980133;-0,736061709
-3,125;-0,40648331;0;178,3082733;179,862793;-0,736061709
-3,125;-0,40648331;0;178,4785614;-179,9616702;-0,736061709
-3,125;-0,40648331;0;178,6598358;-179,7803958;-0,736061709
-3,125;-0,40648331;0;178,8960266;-179,544205;-0,736061709
-3,125;-0,40648331;0;179,143219;-179,2970126;-0,736061709
-3;-0,40648331;0;179,4563141;-178,9839175;-0,736061709
-3,125;-0,40648331;0;179,8408203;-178,5939182;-0,736061709
-3,125;-0,40648331;0;-179,6046298;-178,0556033;-0,736061709
-3;-0,40648331;0;-179,0718082;-177,5227817;-0,736061709
-3,125;-0,40648331;0;-178,4565891;-176,9075626;-0,736061709
-3;-0,40648331;0;-177,7534793;-176,2044528;-0,736061709
-3,125;-0,40648331;0;-176,8086856;-175,254166;-0,736061709
-3;-0,40648331;0;-175,8693851;-174,3148654;-0,736061709
-3;-0,395496982;0;-174,8202213;-173,2711948;-0,736061709
-3;-0,395496982;0;-173,6776736;-172,1286472;-0,736061709
-3;-0,395496982;0;-172,2275241;-170,6784976;-0,736061709
-3;-0,395496982;0;-170,9037173;-169,3491977;-0,736061709
-3;-0,40648331;0;-169,5030063;-167,9539798;-0,736061709
-3;-0,40648331;0;-168,0473483;-166,4983218;-0,736061709
-3;-0,395496982;0;-166,3005832;-164,7515567;-0,736061709
-3;-0,395496982;0;-164,7845157;-163,229996;-0,736061709
-3;-0,395496982;0;-163,2409824;-161,6919559;-0,736061709
-3;-0,395496982;0;-161,6864627;-159,8737643;-0,736061709
-3;-0,395496982;0;-159,8353122;-158,2807925;-0,736061709
-3;-0,40648331;0;-158,2093967;-156,6603702;-0,736061709
-3;-0,40648331;0;-156,5560001;-155,0069736;-0,736061709
-3;-0,40648331;0;-154,5840152;-153,0349887;-0,736061709
-3;-0,40648331;0;-152,8592075;-151,310181;-0,736061709
-3;-0,395496982;0;-151,101456;-149,5524295;-0,736061709
-3;-0,395496982;0;-149,3107303;-147,7617038;-0,736061709
-3;-0,395496982;0;-147,1959232;-145,6414035;-0,736061709
-3;-0,395496982;0;-145,3447879;-143,7957614;-0,736061709
-3;-0,395496982;0;-143,4606784;-141,9116519;-0,736061709
-3;-0,395496982;0;-141,5546115;-140,005585;-0,736061709
-3;-0,395496982;0;-139,3079837;-137,7534641;-0,736061709
-3;-0,395496982;0;-137,3799289;-135,8309024;-0,736061709
-3;-0,395496982;0;-135,4518893;-133,9028629;-0,736061709
-3;-0,395496982;0;-133,529343;-131,9803165;-0,736061709
-3;-0,395496982;0;-131,2881931;-129,7391666;-0,736061709
-3;-0,395496982;0;-129,3601535;-127,811127;-0,736061709
-3;-0,395496982;0;-127,432114;-125,8830875;-0,736061709
-3;-0,395496982;0;-125,5150607;-123,9660342;-0,736061709
-3;-0,395496982;0;-123,2848972;-121,7358707;-0,736061709
-3;-0,395496982;0;-121,3733371;-119,8188174;-0,736061709
-3;-0,395496982;0;-119,4617618;-117,9072421;-0,736061709
-3;-0,395496982;0;-117,5611881;-116,0121616;-0,736061709
-3;-0,40648331;0;-115,3804706;-113,8314441;-0,747048038
-3;-0,40648331;0;-113,5238345;-111,974808;-0,747048038
-3;-0,40648331;0;-111,716637;-110,1676105;-0,747048038
-3;-0,395496982;0;-110,0247958;-108,4757693;-0,747048038
-3;-0,395496982;0;-108,2340778;-106,6850513;-0,747048038
-3;-0,395496982;0;-106,8333591;-105,2788394;-0,747048038
-3;-0,395496982;0;-105,5315173;-103,9824908;-0,747048038
-3;-0,395496982;0;-104,3065799;-102,7575534;-0,747048038
-3;-0,395496982;0;-102,9552997;-101,40078;-0,747048038
-3;-0,395496982;0;-101,8347324;-100,2857059;-0,747048038
-3;-0,395496982;0;-100,7526096;-99,20358307;-0,747048038
-3;-0,395496982;0;-99,74739105;-98,19836456;-0,747048038
-3;-0,395496982;0;-98,73118622;-97,18215973;-0,747048038
-3;-0,395496982;0;-98,01709778;-96,46257813;-0,747048038
-3;-0,40648331;0;-97,42385132;-95,87482483;-0,747048038
-2,875;-0,40648331;0;-96,91300232;-95,35848267;-0,747048038
-2,875;-0,40648331;0;-96,36370117;-94,80918152;-0,758034366
-2,875;-0,40648331;0;-95,91877014;-94,36974365;-0,758034366
-2,875;-0,40648331;0;-95,5012973;-93,94678528;-0,758034366
-2,875;-0,40648331;0;-95,09481842;-93,47987396;-0,758034366
-2,875;-0,40648331;0;-94,6334079;-93,08438141;-0,758034366
-2,875;-0,40648331;0;-94,24340088;-92,69437439;-0,758034366
-2,875;-0,40648331;0;-93,86438782;-92,31536133;-0,758034366
-2,875;-0,417467731;0;-93,46339447;-91,91437561;-0,758034366
-2,875;-0,417467731;0;-93,17227204;-91,61775238;-0,758034366
-2,75;-0,417467731;0;-92,91959412;-91,37056763;-0,758034366
-2,625;-0,417467731;0;-92,72184021;-91,16732056;-0,758034366
-2,5;-0,40648331;0;-92,55705292;-91,00802643;-0,758034366
-2,375;-0,40648331;0;-92,4526828;-90,90365631;-0,769020694
-2,25;-0,40648331;0;-92,36479981;-90,81577332;-0,769020694
-2;-0,417467731;0;-92,29888184;-90,74436218;-0,769020694
-2,125;-0,417467731;0;-92,24944336;-90,70041687;-0,769020694
-2,25;-0,428454059;0;-92,23296387;-90,68393738;-0,769020694
-2,375;-0,428454059;0;-92,25493652;-90,70591004;-0,769020694
-2,375;-0,428454059;0;-92,304375;-90,75534851;-0,769020694
-2,375;-0,428454059;0;-92,3812793;-90,82675965;-0,769020694
-2,25;-0,428454059;0;-92,4526828;-90,89816315;-0,769020694
-2,125;-0,428454059;0;-92,5295871;-90,97506745;-0,769020694
-2;-0,428454059;0;-92,61198456;-91,05746491;-0,769020694
-2;-0,428454059;0;-92,71634705;-91,16732056;-0,769020694
-2;-0,428454059;0;-92,79874451;-91,24971802;-0,769020694
-1,875;-0,417467731;0;-92,83719666;-91,282677;-0,769020694
-1,75;-0,417467731;0;-92,815224;-91,26619751;-0,758034366
-1,625;-0,40648331;0;-92,7547992;-91,20027954;-0,758034366
-1,75;-0,40648331;0;-92,67790253;-91,12887604;-0,758034366
-1,75;-0,395496982;0;-92,6064914;-91,05197174;-0,747048038
-1,875;-0,395496982;0;-92,54057343;-90,98605377;-0,747048038
-1,875;-0,384510654;0;-92,48014862;-90,92562897;-0,747048038
-2;-0,384510654;0;-92,45817597;-90,90914948;-0,747048038
-2;-0,384510654;0;-92,47465546;-90,92562897;-0,747048038
-2;-0,384510654;0;-92,51860077;-90,96408112;-0,747048038
-2,125;-0,373524325;0;-92,59550507;-91,04098541;-0,747048038
-2;-0,373524325;0;-92,68338806;-91,12887604;-0,747048038
-2;-0,362537997;0;-92,78775818;-91,23323853;-0,747048038
-2;-0,351551669;0;-92,87564881;-91,32662232;-0,747048038
-2;-0,318594592;0;-92,96902496;-91,41999848;-0,747048038
-2;-0,296621936;0;-93,06240875;-91,51338226;-0,736061709
-1,875;-0,263664859;0;-93,18325836;-91,63423187;-0,736061709
-1,75;-0,241692203;0;-93,31508667;-91,76606018;-0,758034366
-1,625;-0,230705875;0;-93,4743808;-91,91986115;-0,769020694
-1,5;-0,219721454;0;-93,60072357;-92,04620392;-0,780007022
-1,5;-0,219721454;0;-93,69960053;-92,14508087;-0,780007022
-1,5;-0,219721454;0;-93,77649719;-92,23845703;-0,780007022
-1,375;-0,230705875;0;-93,85340149;-92,29888184;-0,758034366
-1,25;-0,208735126;0;-93,87537415;-92,32085449;-0,747048038
-1,25;-0,186762469;0;-93,84790833;-92,29338867;-0,747048038
-1,125;-0,164789813;0;-93,77649719;-92,2274707;-0,747048038
-1,125;-0,131832736;0;-93,72705872;-92,17253906;-0,736061709
-1,125;-0,120846408;0;-93,6886142;-92,13409454;-0,736061709
-1,125;-0,10986008;0;-93,63368256;-92,08465607;-0,725077289
-1,125;-0,120846408;0;-93,51283295;-91,96380646;-0,725077289
-1;-0,131832736;0;-93,34255249;-91,78803284;-0,725077289
-1,125;-0,131832736;0;-93,13381989;-91,57930023;-0,725077289
-1,125;-0,142819064;0;-92,90860779;-91,3595813;-0,725077289
-1,125;-0,131832736;0;-92,63395722;-91,08493073;-0,725077289
-1,125;-0,10986008;0;-92,40325195;-90,8487323;-0,714090961
-1,125;-0,087889331;0;-92,18352539;-90,63450653;-0,714090961
-1,125;-0,065916675;0;-92,00775177;-90,45323212;-0,725077289
-1;-0,054930347;0;-91,85944397;-90,31041748;-0,725077289
-1,125;-0,054930347;0;-91,76056702;-90,20604736;-0,725077289
-1,125;-0,076903003;0;-91,68366272;-90,12914307;-0,725077289
-1,125;-0,087889331;0;-91,62873871;-90,07971222;-0,725077289
-1,125;-0,10986008;0;-91,57930023;-90,03027374;-0,725077289
-1;-0,120846408;0;-91,54634125;-89,99731476;-0,725077289
-1,125;-0,120846408;0;-91,51887543;-89,96984894;-0,714090961
-1,125;-0,10986008;0;-91,49690277;-89,94238312;-0,714090961
-1,125;-0,098873752;0;-91,46943695;-89,92041046;-0,703104632
-1;-0,076903003;0;-91,46943695;-89,92041046;-0,703104632
-1;-0,076903003;0;-91,50239594;-89,94787628;-0,703104632
-1;-0,065916675;0;-91,55183441;-89,99731476;-0,703104632
-1;-0,076903003;0;-91,61775238;-90,06872589;-0,703104632
-1;-0,098873752;0;-91,66718323;-90,11267121;-0,714090961
-1,125;-0,10986008;0;-91,71112854;-90,15660889;-0,714090961
-1,125;-0,131832736;0;-91,75507385;-90,20604736;-0,714090961
-1,125;-0,142819064;0;-91,81549866;-90,26097901;-0,714090961
-1;-0,142819064;0;-91,85944397;-90,30492432;-0,714090961
-1;-0,142819064;0;-91,89240296;-90,3378833;-0,725077289
-1;-0,131832736;0;-91,92535431;-90,37084229;-0,725077289
-1;-0,120846408;0;-91,97479279;-90,42027313;-0,736061709
-1;-0,10986008;0;-92,0187381;-90,46421845;-0,747048038
-1;-0,10986008;0;-92,06268341;-90,50816376;-0,747048038
-1;-0,120846408;0;-92,10662872;-90,55760224;-0,758034366
-1;-0,142819064;0;-92,17803223;-90,6235202;-0,758034366
-1;-0,164789813;0;-92,23845703;-90,68393738;-0,758034366
-1;-0,175776141;0;-92,29888184;-90,74436218;-0,758034366
-1;-0,175776141;0;-92,35930664;-90,81577332;-0,758034366
-1;-0,175776141;0;-92,43620331;-90,88169129;-0,758034366
-1;-0,164789813;0;-92,50761444;-90,95309479;-0,758034366
-1,125;-0,153805392;0;-92,57902558;-91,02999909;-0,758034366
-1;-0,142819064;0;-92,66142304;-91,10690338;-0,758034366
-1,125;-0,142819064;0;-92,71085388;-91,16182739;-0,758034366
-1,125;-0,142819064;0;-92,72733338;-91,17830689;-0,758034366
-1,125;-0,164789813;0;-92,71085388;-91,15633423;-0,758034366
-1,125;-0,164789813;0;-92,65043671;-91,10141022;-0,747048038
-1,125;-0,164789813;0;-92,5900119;-91,04098541;-0,725077289
-1,125;-0,164789813;0;-92,52409393;-90,96957428;-0,703104632
-1,125;-0,164789813;0;-92,4526828;-90,89816315;-0,703104632
-1,125;-0,164789813;0;-92,36479981;-90,81028015;-0,703104632
-1,125;-0,164789813;0;-92,28789551;-90,73337586;-0,714090961
-1,125;-0,164789813;0;-92,22197754;-90,66745789;-0,714090961
-1,125;-0,153805392;0;-92,18901856;-90,63999207;-0,714090961
-1;-0,153805392;0;-92,18352539;-90,62901337;-0,714090961
-1,125;-0,153805392;0;-92,17803223;-90,62901337;-0,714090961
-1,125;-0,164789813;0;-92,17803223;-90,6235202;-0,714090961
-1,125;-0,164789813;0;-92,17803223;-90,6235202;-0,714090961
-1,125;-0,164789813;0;-92,17803223;-90,6235202;-0,714090961
-1,125;-0,164789813;0;-92,18901856;-90,63450653;-0,714090961
-1,125;-0,164789813;0;-92,19451172;-90,63999207;-0,714090961
-1,125;-0,153805392;0;-92,20000488;-90,64548523;-0,714090961
-1,125;-0,153805392;0;-92,20000488;-90,64548523;-0,714090961
-1,125;-0,153805392;0;-92,20000488;-90,64548523;-0,714090961
-1;-0,153805392;0;-92,20000488;-90,64548523;-0,714090961
-1;-0,164789813;0;-92,20549805;-90,6509784;-0,714090961
-1,125;-0,164789813;0;-92,20549805;-90,6509784;-0,714090961
-1,125;-0,164789813;0;-92,19451172;-90,63999207;-0,714090961
-1,125;-0,164789813;0;-92,18352539;-90,63450653;-0,714090961
-1,125;-0,153805392;0;-92,18352539;-90,62901337;-0,714090961
-1,125;-0,153805392;0;-92,19451172;-90,64548523;-0,714090961
-1,25;-0,153805392;0;-92,20000488;-90,6509784;-0,714090961
-1,25;-0,153805392;0;-92,20000488;-90,64548523;-0,714090961
-1,25;-0,153805392;0;-92,19451172;-90,63999207;-0,714090961
-1,25;-0,153805392;0;-92,18901856;-90,63999207;-0,714090961
-1,25;-0,153805392;0;-92,18901856;-90,63450653;-0,714090961
-1,25;-0,153805392;0;-92,17253906;-90,61802704;-0,714090961
-1,25;-0,153805392;0;-92,15057404;-90,59605438;-0,714090961
-1,125;-0,164789813;0;-92,16156037;-90,60704071;-0,714090961
-1,125;-0,164789813;0;-92,2439502;-90,68943054;-0,714090961
-1,125;-0,153805392;0;-92,37578613;-90,82126648;-0,714090961
-1,125;-0,153805392;0;-92,5295871;-91,00802643;-0,714090961
-1,125;-0,153805392;0;-92,74381287;-91,18929321;-0,714090961
-1,125;-0,153805392;0;-92,91959412;-91,36507446;-0,714090961
-1,125;-0,153805392;0;-93,05142243;-91,50239594;-0,714090961
-1,125;-0,153805392;0;-93,14480621;-91,59577973;-0,714090961
-1,125;-0,153805392;0;-93,19423706;-91,63972504;-0,714090961
-1,125;-0,153805392;0;-93,19973023;-91,6452182;-0,714090961
-1,125;-0,153805392;0;-93,16677887;-91,61225922;-0,714090961
-1,125;-0,153805392;0;-93,08438141;-91,52986176;-0,714090961
-1,125;-0,153805392;0;-92,99099762;-91,43647797;-0,714090961
-1,25;-0,153805392;0;-92,88663513;-91,33211548;-0,714090961
-1,5;-0,153805392;0;-92,78775818;-91,23323853;-0,714090961
-1,875;-0,153805392;0;-92,69986756;-91,14535553;-0,714090961
-2,125;-0,153805392;0;-92,62846405;-91,0739444;-0,714090961
-2,375;-0,153805392;0;-92,56803925;-91,01351959;-0,714090961
-2,5;-0,153805392;0;-92,52409393;-90,96957428;-0,714090961
-2,5;-0,153805392;0;-92,49113495;-90,9366153;-0,714090961
-2,625;-0,153805392;0;-92,47465546;-90,9201358;-0,714090961
-2,625;-0,153805392;0;-92,46916229;-90,91464264;-0,714090961
-2,75;-0,153805392;0;-92,47465546;-90,9201358;-0,714090961
-2,125;-0,153805392;0;-92,50212128;-90,94760163;-0,714090961
-2,375;-0,153805392;0;-92,5295871;-90,97506745;-0,714090961
-2,5;-0,153805392;0;-92,55155975;-90,9970401;-0,714090961
-2,625;-0,153805392;0;-92,57902558;-91,02999909;-0,714090961
-2,625;-0,153805392;0;-92,6064914;-91,05197174;-0,714090961
-2,75;-0,153805392;0;-92,62846405;-91,0739444;-0,714090961
-2,875;-0,153805392;0;-92,64494354;-91,09042389;-0,714090961
-2,875;-0,153805392;0;-92,6669162;-91,11239655;-0,714090961
-2,875;-0,153805392;0;-92,69986756;-91,14535553;-0,714090961
-2,875;-0,153805392;0;-92,72733338;-91,17281372;-0,714090961
-2,75;-0,153805392;0;-92,7547992;-91,20027954;-0,714090961
-2,5;-0,153805392;0;-92,77677185;-91,2222522;-0,714090961
-2,25;-0,153805392;0;-92,80973084;-91,25521118;-0,714090961
-2;-0,142819064;0;-92,84818298;-91,29366333;-0,714090961
-2;-0,142819064;0;-92,88663513;-91,33211548;-0,714090961
-1,875;-0,142819064;0;-92,90860779;-91,3595813;-0,714090961
-1,75;-0,153805392;0;-92,93607361;-91,38155396;-0,714090961
-1,75;-0,153805392;0;-92,94155914;-91,38704712;-0,714090961
-1,875;-0,153805392;0;-92,93607361;-91,38704712;-0,714090961
-2;-0,153805392;0;-92,92508728;-91,37056763;-0,714090961
-2,25;-0,153805392;0;-92,90311463;-91,34859497;-0,714090961
-2,875;-0,153805392;0;-92,87564881;-91,32112915;-0,714090961
-3,125;-0,153805392;0;-92,84268982;-91,28817017;-0,714090961
-3,5;-0,153805392;0;-92,80423767;-91,25521118;-0,714090961
-3,5;-0,153805392;0;-92,7547992;-91,20027954;-0,714090961
-3,125;-0,153805392;0;-92,68888123;-91,1343692;-0,714090961
-3;-0,153805392;0;-92,60099823;-91,05197174;-0,714090961
-2,75;-0,153805392;0;-92,49662811;-90,94210846;-0,714090961
-2,5;-0,153805392;0;-92,40325195;-90,8487323;-0,714090961
-2;-0,153805392;0;-92,34282715;-90,7883075;-0,714090961
-1,625;-0,153805392;0;-92,304375;-90,74985535;-0,714090961
-1,375;-0,142819064;0;-92,27141602;-90,71689636;-0,714090961
-1,125;-0,142819064;0;-92,26042969;-90,70591004;-0,714090961
-1;-0,142819064;0;-92,26042969;-90,70591004;-0,714090961
-1;-0,142819064;0;-92,26592285;-90,71689636;-0,714090961
-0,875;-0,153805392;0;-92,28240235;-90,72788269;-0,714090961
-0,875;-0,164789813;0;-92,304375;-90,74985535;-0,714090961
-0,875;-0,164789813;0;-92,33184082;-90,77732117;-0,714090961
-0,875;-0,164789813;0;-92,35930664;-90,81028015;-0,714090961
-0,75;-0,153805392;0;-92,38677246;-90,83225281;-0,714090961
-0,75;-0,153805392;0;-92,37578613;-90,82126648;-0,714090961
-0,625;-0,142819064;0;-92,34282715;-90,7883075;-0,714090961
-0,625;-0,153805392;0;-92,30986817;-90,75534851;-0,714090961
-0,625;-0,164789813;0;-92,304375;-90,74985535;-0,714090961
-0,625;-0,175776141;0;-92,31536133;-90,76633484;-0,714090961
-0,625;-0,175776141;0;-92,33733399;-90,78281433;-0,714090961
-0,625;-0,175776141;0;-92,35381348;-90,79929382;-0,714090961
-0,625;-0,175776141;0;-92,37029297;-90,81577332;-0,714090961
-0,625;-0,164789813;0;-92,38677246;-90,83225281;-0,714090961
-0,625;-0,164789813;0;-92,39775879;-90,8487323;-0,725077289
-0,625;-0,164789813;0;-92,40325195;-90,8487323;-0,725077289
-0,625;-0,175776141;0;-92,41423828;-90,85971863;-0,725077289
-0,625;-0,186762469;0;-92,42522461;-90,87070496;-0,725077289
-0,625;-0,197748797;0;-92,44169647;-90,88718445;-0,725077289
-0,625;-0,197748797;0;-92,4526828;-90,89816315;-0,725077289
-0,625;-0,197748797;0;-92,47465546;-90,9201358;-0,725077289
-0,625;-0,197748797;0;-92,51860077;-90,96408112;-0,725077289
-0,5;-0,186762469;0;-92,61747772;-91,06295807;-0,725077289
-0,5;-0,175776141;0;-92,74930603;-91,19478638;-0,725077289
-0,625;-0,164789813;0;-92,8921283;-91,33760864;-0,725077289
-0,5;-0,175776141;0;-92,98550446;-91,43647797;-0,725077289
-0,5;-0,175776141;0;-93,0404361;-91,48591644;-0,736061709
-0,5;-0,186762469;0;-93,04592926;-91,49140961;-0,736061709
-0,5;-0,197748797;0;-92,98550446;-91,4309848;-0,736061709
-0,5;-0,197748797;0;-92,89762146;-91,34310181;-0,736061709
-0,5;-0,197748797;0;-92,80423767;-91,24971802;-0,725077289
-0,5;-0,186762469;0;-92,70536072;-91,1343692;-0,725077289
-0,5;-0,186762469;0;-92,60099823;-91,04647858;-0,725077289
-0,5;-0,175776141;0;-92,52409393;-90,96957428;-0,725077289
-0,5;-0,175776141;0;-92,4526828;-90,89816315;-0,725077289
-0,5;-0,186762469;0;-92,37578613;-90,82126648;-0,725077289
-0,5;-0,186762469;0;-92,31536133;-90,76084168;-0,725077289
-0,625;-0,197748797;0;-92,26592285;-90,70591004;-0,736061709
-0,5;-0,208735126;0;-92,21648438;-90,66196472;-0,736061709
-0,5;-0,208735126;0;-92,16705353;-90,61253388;-0,736061709
-0,5;-0,219721454;0;-92,10113556;-90,54661591;-0,725077289
-0,625;-0,219721454;0;-92,0187381;-90,46421845;-0,725077289
-0,625;-0,208735126;0;-91,9418338;-90,38731415;-0,725077289
-0,625;-0,208735126;0;-91,85395081;-90,29943115;-0,725077289
-0,625;-0,197748797;0;-91,77155335;-90,21703369;-0,725077289
-0,625;-0,186762469;0;-91,68915589;-90,13463623;-0,725077289
-0,625;-0,175776141;0;-91,62324555;-90,06872589;-0,725077289
-0,75;-0,175776141;0;-91,5847934;-90,03027374;-0,725077289
-0,75;-0,175776141;0;-91,5847934;-90,03027374;-0,725077289
-0,75;-0,186762469;0;-91,57380707;-90,01928742;-0,725077289
-0,75;-0,186762469;0;-91,55732758;-90,00280792;-0,714090961
-0,75;-0,197748797;0;-91,54084808;-89,98632843;-0,714090961
-0,625;-0,208735126;0;-91,54084808;-89,98632843;-0,714090961
-0,625;-0,219721454;0;-91,55183441;-89,99731476;-0,714090961
-0,625;-0,219721454;0;-91,55732758;-90,00280792;-0,714090961
-0,625;-0,219721454;0;-91,55732758;-90,00280792;-0,703104632
-0,75;-0,219721454;0;-91,57380707;-90,01928742;-0,703104632
-0,625;-0,219721454;0;-91,63423187;-90,07971222;-0,703104632
-0,75;-0,219721454;0;-91,74408753;-90,18956787;-0,714090961
-0,625;-0,219721454;0;-91,91437561;-90,35985596;-0,714090961
-0,625;-0,219721454;0;-92,0956424;-90,54112274;-0,725077289
-0,75;-0,230705875;0;-92,29338867;-90,73886902;-0,714090961
-0,625;-0,252678531;0;-92,46916229;-90,91464264;-0,714090961
-0,75;-0,263664859;0;-92,60099823;-91,04098541;-0,725077289
-0,625;-0,274651187;0;-92,63945038;-91,08493073;-0,747048038
-0,625;-0,274651187;0;-92,63395722;-91,07943756;-0,758034366
-0,625;-0,274651187;0;-92,61198456;-91,05746491;-0,758034366
-0,625;-0,274651187;0;-92,55705292;-90,9970401;-0,769020694
-0,625;-0,274651187;0;-92,49113495;-90,9366153;-0,769020694
-0,625;-0,285637515;0;-92,41973145;-90,86521179;-0,780007022
-0,625;-0,307608264;0;-92,35930664;-90,80478699;-0,769020694
-0,625;-0,32958092;0;-92,32085449;-90,76633484;-0,758034366
-0,625;-0,351551669;0;-92,29888184;-90,74436218;-0,758034366
-0,625;-0,373524325;0;-92,27690918;-90,72238953;-0,747048038
-0,625;-0,384510654;0;-92,25493652;-90,69492371;-0,758034366
-0,625;-0,373524325;0;-92,22197754;-90,66745789;-0,758034366
-0,625;-0,362537997;0;-92,18352539;-90,62901337;-0,736061709
-0,625;-0,340567248;0;-92,15057404;-90,59605438;-0,725077289
-0,625;-0,318594592;0;-92,12860138;-90,57408173;-0,714090961
-0,625;-0,296621936;0;-92,14508087;-90,58506806;-0,714090961
-0,625;-0,274651187;0;-92,21648438;-90,65647156;-0,714090961
-0,625;-0,252678531;0;-92,34282715;-90,7883075;-0,714090961
-0,625;-0,241692203;0;-92,58451874;-91,02999909;-0,703104632
-0,625;-0,230705875;0;-92,90311463;-91,34859497;-0,703104632
-0,625;-0,230705875;0;-93,37551148;-91,82099182;-0,714090961
-0,625;-0,230705875;0;-94,00170929;-92,44169647;-0,714090961
-0,625;-0,252678531;0;-94,93003113;-93,37551148;-0,714090961
-0,625;-0,274651187;0;-95,89679749;-94,34227783;-0,714090961
-0,625;-0,296621936;0;-97,02835114;-95,47383911;-0,714090961
-0,625;-0,307608264;0;-98,31920654;-96,75920136;-0,714090961
-0,625;-0,296621936;0;-99,99457581;-98,44005615;-0,714090961
-0,625;-0,274651187;0;-101,5600818;-100,000069;-0,714090961
-0,625;-0,230705875;0;-103,2134708;-101,6589511;-0,714090961
-0,625;-0,186762469;0;-104,9547504;-103,3947452;-0,714090961
-0,625;-0,153805392;0;-107,0640643;-105,5040515;-0,725077289
-0,625;-0,120846408;0;-108,9152072;-107,3551944;-0,736061709
-0,625;-0,098873752;0;-110,7663501;-109,2118304;-0,725077289
-0,625;-0,10986008;0;-112,5790408;-111,0245212;-0,725077289
-0,625;-0,120846408;0;-114,6553958;-113,1008762;-0,725077289
-0,625;-0,153805392;0;-116,4351276;-114,8806079;-0,736061709
-0,625;-0,175776141;0;-118,236832;-116,6768192;-0,736061709
-0,625;-0,197748797;0;-120,0659946;-118,5114749;-0,736061709
-0,625;-0,230705875;0;-122,2631992;-120,7086795;-0,725077289
-0,625;-0,263664859;0;-124,2132114;-122,6586917;-0,703104632
-0,625;-0,285637515;0;-126,2346347;-124,6801151;-0,703104632
-0,625;-0,307608264;0;-128,3274692;-126,7729495;-0,725077289
-0,625;-0,340567248;0;-130,843262;-129,2887424;-0,736061709
-0,625;-0,351551669;0;-133,0514529;-131,4969333;-0,758034366
-0,625;-0,362537997;0;-135,3035739;-133,7435611;-0,769020694
-0,625;-0,351551669;0;-137,5666965;-136,0121768;-0,769020694
-0,625;-0,340567248;0;-140,2143253;-138,6598056;-0,780007022
-0,625;-0,307608264;0;-142,4884189;-140,9284061;-0,780007022
-0,625;-0,296621936;0;-144,7515414;-143,1970218;-0,758034366
-0,625;-0,285637515;0;-146,9981845;-145,4436649;-0,725077289
-0,625;-0,263664859;0;-149,5798801;-148,0198825;-0,692118304
-0,625;-0,263664859;0;-151,7606052;-150,2060855;-0,659161227
-0,625;-0,263664859;0;-153,9248508;-152,364838;-0,648174899
-0,625;-0,274651187;0;-156,0616306;-154,8641513;-0,637188571
-0,625;-0,285637515;0;-158,5389713;-156,9789584;-0,626202243
-0,625;-0,285637515;0;-160,6263126;-159,0717929;-0,615215915
-0,625;-0,252678531;0;-162,6861881;-161,1261752;-0,604231494
-0,75;-0,219721454;0;-164,9877475;-163,4332278;-0,593245166
-0,625;-0,175776141;0;-166,838898;-165,2843784;-0,57127251
-0,625;-0,131832736;0;-168,5362247;-166,981705;-0,560286182
-0,625;-0,120846408;0;-170,0742648;-168,514252;-0,560286182
-0,625;-0,142819064;0;-171,6947025;-170,1346896;-0,560286182
-0,75;-0,186762469;0;-172,9526065;-171,3980869;-0,560286182
-0,625;-0,241692203;0;-174,1116336;-172,5516208;-0,560286182
-0,625;-0,296621936;0;-175,1772617;-173,6172488;-0,549299853
-0,75;-0,32958092;0;-176,3088229;-174,7543033;-0,560286182
-0,625;-0,340567248;0;-177,1876987;-175,6331943;-0,582258838
-0,625;-0,32958092;0;-177,9951785;-176,4351657;-0,593245166
-0,625;-0,307608264;0;-178,7257388;-177,1657413;-0,593245166
-0,625;-0,285637515;0;-179,478287;-177,9237674;-0,593245166
-0,625;-0,296621936;0;179,9616699;-178,4675754;-0,604231494
-0,75;-0,32958092;0;179,5112457;-178,9234927;-0,626202243
-0,625;-0,384510654;0;179,143219;-179,2860263;-0,648174899
-0,75;-0,428454059;0;178,8301086;-179,5991367;-0,659161227
-0,625;-0,439440387;0;178,6543427;-179,7803958;-0,659161227
-0,625;-0,395496982;0;178,5444794;-179,8902591;-0,637188571
-0,625;-0,318594592;0;178,4730682;-179,9616702;-0,604231494
-0,625;-0,219721454;0;178,4126434;179,9671631;-0,57127251
-0,625;-0,120846408;0;178,3741913;179,9342041;-0,549299853
-0,625;-0,076903003;0;178,3467255;179,9012451;-0,549299853
-0,625;-0,054930347;0;178,297287;179,8518066;-0,57127251
-0,625;-0,054930347;0;178,1764526;179,7309723;-0,593245166
-0,75;-0,054930347;0;178,0336304;179,58815;-0,604231494
-0,75;-0,010986941;0;177,8743286;179,4288483;-0,593245166
-0,625;0,043944001;0;177,7369995;179,2915192;-0,560286182
-0,625;0,120846003;0;177,6326447;179,1926575;-0,527329104
-0,625;0,219720006;0;177,5886993;179,1487122;-0,505356448
-0,625;0,263664007;0;177,5667267;179,1212463;-0,49437012
-0,625;0,252678007;0;177,5612335;179,1157532;-0,505356448
-0,625;0,197748005;0;177,5667267;179,1212463;-0,516342776
-0,625;0,076902002;0;177,577713;179,1377258;-0,516342776
-0,75;-0,02197327;0;177,5886993;179,143219;-0,505356448
-0,75;-0,10986008;0;177,5941925;179,1487122;-0,483383792
-0,625;-0,164789813;0;177,6051788;179,1651917;-0,472399371
-0,625;-0,164789813;0;177,6216583;179,176178;-0,461413043
-0,625;-0,131832736;0;177,6381378;179,1981506;-0,461413043
-0,625;-0,098873752;0;177,6546173;179,2146301;-0,450426715
-0,625;-0,076903003;0;177,6271515;179,1816711;-0,439440387
-0,75;-0,087889331;0;177,5502472;179,1047668;-0,417467731
-0,625;-0,120846408;0;177,4513702;179,0058899;-0,395496982
-0,625;-0,142819064;0;177,3579865;178,9125061;-0,384510654
-0,625;-0,175776141;0;177,3195343;178,874054;-0,40648331
-0,625;-0,175776141;0;177,3140411;178,8685608;-0,483383792
-0,75;-0,164789813;0;177,3195343;178,874054;-0,538315433
-0,625;-0,142819064;0;177,3524933;178,9070129;-0,582258838
-0,75;-0,142819064;0;177,3854523;178,9399719;-0,582258838
-0,625;-0,142819064;0;177,4129181;178,9729309;-0,549299853
-0,75;-0,153805392;0;177,4348907;178,9949036;-0,516342776
-0,75;-0,164789813;0;177,4513702;179,0113831;-0,516342776
-0,75;-0,164789813;0;177,4678497;179,0223694;-0,505356448
-0,75;-0,164789813;0;177,4843292;179,0388489;-0,49437012
-0,625;-0,164789813;0;177,4953156;179,0498352;-0,505356448
-0,75;-0,164789813;0;177,4843292;179,0388489;-0,516342776
-0,75;-0,175776141;0;177,4568634;179,0113831;-0,538315433
-0,625;-0,197748797;0;177,4239044;178,9784241;-0,549299853
-0,625;-0,219721454;0;177,3854523;178,9399719;-0,538315433
-0,625;-0,241692203;0;177,3305206;178,8905334;-0,516342776
-0,625;-0,241692203;0;177,2865753;178,8465881;-0,483383792
-0,625;-0,230705875;0;177,2481232;178,8026428;-0,472399371
-0,625;-0,219721454;0;177,2151642;178,775177;-0,472399371
-0,625;-0,219721454;0;177,1822205;178,7367249;-0,472399371
-0,625;-0,230705875;0;177,165741;178,7202454;-0,472399371
-0,625;-0,252678531;0;177,1602478;178,7202454;-0,450426715
-0,75;-0,285637515;0;177,1602478;178,7202454;-0,428454059
-0,625;-0,307608264;0;177,1767273;178,7312317;-0,40648331
-0,625;-0,318594592;0;177,1931915;178,7532043;-0,384510654
-0,625;-0,307608264;0;177,2206573;178,7806702;-0,373524325
-0,625;-0,296621936;0;177,2536163;178,808136;-0,384510654
-0,75;-0,274651187;0;177,2920685;178,8520813;-0,373524325
-0,625;-0,263664859;0;177,3305206;178,8850403;-0,362537997
-0,625;-0,274651187;0;177,3689728;178,9234924;-0,340567248
-0,625;-0,285637515;0;177,4074249;178,9619446;-0,340567248
-0,75;-0,285637515;0;177,4513702;179,0058899;-0,340567248
-0,625;-0,274651187;0;177,4953156;179,0498352;-0,373524325
-0,625;-0,252678531;0;177,5392609;179,0937805;-0,40648331
-0,625;-0,252678531;0;177,5667267;179,1267395;-0,417467731
-0,625;-0,263664859;0;177,5667267;179,1212463;-0,417467731
-0,625;-0,296621936;0;177,5502472;179,11026;-0,395496982
-0,625;-0,318594592;0;177,5282745;179,0827942;-0,373524325
-0,75;-0,340567248;0;177,5008087;179,0553284;-0,384510654
-0,75;-0,32958092;0;177,4678497;179,0223694;-0,40648331
-0,75;-0,296621936;0;177,4348907;178,9949036;-0,428454059
-0,625;-0,263664859;0;177,4074249;178,9619446;-0,439440387
-0,75;-0,241692203;0;177,3744659;178,9289856;-0,428454059
-0,625;-0,230705875;0;177,3524933;178,9070129;-0,40648331
-0,625;-0,230705875;0;177,3195343;178,874054;-0,362537997
-0,625;-0,263664859;0;177,2920685;178,8465881;-0,340567248
-0,625;-0,32958092;0;177,2536163;178,8136292;-0,32958092
-0,625;-0,384510654;0;177,2316437;178,7861633;-0,32958092
-0,625;-0,439440387;0;177,209671;178,7696838;-0,362537997
-0,75;-0,472399371;0;177,1931915;178,7477112;-0,384510654
-0,625;-0,472399371;0;177,1712341;178,7312317;-0,384510654
-0,625;-0,483383792;0;177,1547546;178,7092743;-0,362537997
-0,625;-0,483383792;0;177,1382751;178,6927948;-0,340567248
-0,625;-0,461413043;0;177,1217957;178,6763153;-0,307608264
-0,75;-0,450426715;0;177,099823;178,6598358;-0,296621936
-0,625;-0,439440387;0;177,0888367;178,6433563;-0,296621936
-0,625;-0,428454059;0;177,0833435;178,6378632;-0,285637515
-0,625;-0,428454059;0;177,0723572;178,63237;-0,274651187
-0,625;-0,417467731;0;177,0778503;178,6378632;-0,252678531
-0,625;-0,417467731;0;177,1217957;178,6763153;-0,252678531
-0,75;-0,417467731;0;177,1931915;178,7532043;-0,241692203
